county,town
GREATER LONDON,LONDON
GREATER LONDON,BARNET
GREATER LONDON,WEST DRAYTON
GREATER LONDON,ENFIELD
GREATER LONDON,HAYES
GREATER LONDON,HOUNSLOW
GREATER LONDON,BRENTFORD
GREATER LONDON,UXBRIDGE
GREATER LONDON,STANMORE
GREATER LONDON,EDGWARE
SOUTH GLOUCESTERSHIRE,BRISTOL
NORTH SOMERSET,WESTON-SUPER-MARE
CITY OF BRISTOL,BRISTOL
BATH AND NORTH EAST SOMERSET,BATH
BATH AND NORTH EAST SOMERSET,BRISTOL
NORTH SOMERSET,BRISTOL
NORTH SOMERSET,CLEVEDON
SOUTH GLOUCESTERSHIRE,WOTTON-UNDER-EDGE
CENTRAL BEDFORDSHIRE,BIGGLESWADE
LUTON,LUTON
CENTRAL BEDFORDSHIRE,SANDY
CENTRAL BEDFORDSHIRE,SHEFFORD
CENTRAL BEDFORDSHIRE,MILTON KEYNES
CENTRAL BEDFORDSHIRE,DUNSTABLE
BEDFORD,BEDFORD
CENTRAL BEDFORDSHIRE,LEIGHTON BUZZARD
CENTRAL BEDFORDSHIRE,HENLOW
GREATER LONDON,ILFORD
GREATER LONDON,WOODFORD GREEN
GREATER LONDON,UPMINSTER
GREATER LONDON,ROMFORD
GREATER LONDON,HARROW
GREATER LONDON,GREENFORD
GREATER LONDON,SOUTHALL
CENTRAL BEDFORDSHIRE,LUTON
CENTRAL BEDFORDSHIRE,BEDFORD
GREATER LONDON,RAINHAM
GREATER LONDON,HORNCHURCH
NORTH SOMERSET,BANWELL
BATH AND NORTH EAST SOMERSET,RADSTOCK
CENTRAL BEDFORDSHIRE,HITCHIN
BEDFORD,HUNTINGDON
HERTFORDSHIRE,RICKMANSWORTH
GREATER LONDON,PURLEY
ESSEX,HARLOW
ESSEX,CHELMSFORD
ESSEX,MALDON
ESSEX,HARWICH
SOUTHEND-ON-SEA,SOUTHEND-ON-SEA
ESSEX,COLCHESTER
ESSEX,ONGAR
ESSEX,BASILDON
ESSEX,LOUGHTON
ESSEX,MANNINGTREE
SOUTHEND-ON-SEA,WESTCLIFF-ON-SEA
ESSEX,WITHAM
ESSEX,BRAINTREE
THURROCK,STANFORD-LE-HOPE
ESSEX,ROCHFORD
GREATER LONDON,WEMBLEY
GREATER LONDON,PINNER
CENTRAL BEDFORDSHIRE,ARLESEY
GREATER LONDON,NORTHWOOD
GREATER LONDON,RUISLIP
GREATER LONDON,FELTHAM
NORFOLK,DOWNHAM MARKET
NORFOLK,HARLESTON
NORFOLK,KING'S LYNN
NORFOLK,NORWICH
NORFOLK,DEREHAM
NORFOLK,THETFORD
NORFOLK,WISBECH
NORFOLK,MELTON CONSTABLE
NOTTINGHAMSHIRE,WORKSOP
CITY OF NOTTINGHAM,NOTTINGHAM
NOTTINGHAMSHIRE,MANSFIELD
NOTTINGHAMSHIRE,RETFORD
NOTTINGHAMSHIRE,NEWARK
NOTTINGHAMSHIRE,NOTTINGHAM
NOTTINGHAMSHIRE,SOUTHWELL
NORTH YORKSHIRE,SELBY
NORTH YORKSHIRE,MALTON
YORK,YORK
NORTH YORKSHIRE,HARROGATE
NORTH YORKSHIRE,WHITBY
NORTH YORKSHIRE,SKIPTON
NORTH YORKSHIRE,OTLEY
NORTH YORKSHIRE,SCARBOROUGH
NORTH YORKSHIRE,YORK
NORTH YORKSHIRE,FILEY
NORTH YORKSHIRE,NORTHALLERTON
NORTH YORKSHIRE,GOOLE
STAFFORDSHIRE,NEWCASTLE
STAFFORDSHIRE,WOLVERHAMPTON
STAFFORDSHIRE,CANNOCK
STAFFORDSHIRE,TAMWORTH
STAFFORDSHIRE,LICHFIELD
STOKE-ON-TRENT,STOKE-ON-TRENT
STAFFORDSHIRE,RUGELEY
STAFFORDSHIRE,BURNTWOOD
STAFFORDSHIRE,STAFFORD
STAFFORDSHIRE,STOKE-ON-TRENT
STAFFORDSHIRE,WALSALL
STAFFORDSHIRE,STONE
STAFFORDSHIRE,BURTON-ON-TRENT
WEST MIDLANDS,DUDLEY
WEST MIDLANDS,WALSALL
WEST MIDLANDS,TIPTON
WEST MIDLANDS,WOLVERHAMPTON
WEST MIDLANDS,WEST BROMWICH
WEST MIDLANDS,STOURBRIDGE
GREATER LONDON,WALLINGTON
GREATER LONDON,BROMLEY
GREATER LONDON,TWICKENHAM
GREATER LONDON,SIDCUP
GREATER LONDON,COULSDON
SUFFOLK,IPSWICH
SUFFOLK,LOWESTOFT
SUFFOLK,BURY ST EDMUNDS
SUFFOLK,WOODBRIDGE
SUFFOLK,COLCHESTER
SUFFOLK,NEWMARKET
SUFFOLK,STOWMARKET
SUFFOLK,LEISTON
SUFFOLK,SUDBURY
SUFFOLK,MANNINGTREE
SUFFOLK,THETFORD
SOMERSET,TAUNTON
SOMERSET,CREWKERNE
SOMERSET,BURNHAM-ON-SEA
SOMERSET,ILMINSTER
SOMERSET,HIGHBRIDGE
SOMERSET,CHEDDAR
SOMERSET,BRIDGWATER
SOMERSET,LANGPORT
SOMERSET,SOUTH PETHERTON
SOMERSET,RADSTOCK
SOMERSET,YEOVIL
HAMPSHIRE,TADLEY
HAMPSHIRE,WINCHESTER
HAMPSHIRE,WHITCHURCH
HAMPSHIRE,LIPHOOK
HAMPSHIRE,LYNDHURST
HAMPSHIRE,BASINGSTOKE
SOUTHAMPTON,SOUTHAMPTON
HAMPSHIRE,FAREHAM
HAMPSHIRE,WATERLOOVILLE
HAMPSHIRE,GOSPORT
HAMPSHIRE,FLEET
HAMPSHIRE,ANDOVER
HAMPSHIRE,FARNBOROUGH
HAMPSHIRE,EASTLEIGH
HAMPSHIRE,LYMINGTON
HAMPSHIRE,LEE-ON-THE-SOLENT
NORTH LINCOLNSHIRE,SCUNTHORPE
NORTH EAST LINCOLNSHIRE,GRIMSBY
ESSEX,FRINTON-ON-SEA
ESSEX,BILLERICAY
ESSEX,INGATESTONE
ESSEX,HALSTEAD
THURROCK,TILBURY
ESSEX,SAFFRON WALDEN
ESSEX,SOUTHEND-ON-SEA
ESSEX,WALTHAM ABBEY
ESSEX,HOCKLEY
THURROCK,GRAYS
ESSEX,WICKFORD
THURROCK,SOUTH OCKENDON
ESSEX,RAYLEIGH
GREATER LONDON,ISLEWORTH
NORTH LINCOLNSHIRE,BRIGG
NORTH LINCOLNSHIRE,BARROW-UPON-HUMBER
CITY OF KINGSTON UPON HULL,HULL
EAST RIDING OF YORKSHIRE,YORK
EAST RIDING OF YORKSHIRE,BRIDLINGTON
EAST RIDING OF YORKSHIRE,HULL
EAST RIDING OF YORKSHIRE,HESSLE
NORTH EAST LINCOLNSHIRE,CLEETHORPES
EAST RIDING OF YORKSHIRE,DRIFFIELD
MEDWAY,ROCHESTER
KENT,CANTERBURY
KENT,FOLKESTONE
KENT,GRAVESEND
KENT,MAIDSTONE
KENT,TONBRIDGE
MEDWAY,CHATHAM
KENT,HERNE BAY
KENT,BROADSTAIRS
MEDWAY,GILLINGHAM
KENT,HYTHE
GREATER LONDON,ORPINGTON
KENT,DEAL
KENT,TUNBRIDGE WELLS
KENT,WHITSTABLE
GREATER LONDON,ERITH
KENT,SITTINGBOURNE
KENT,ASHFORD
KENT,CRANBROOK
KENT,WESTGATE-ON-SEA
LANCASHIRE,THORNTON-CLEVELEYS
LANCASHIRE,PRESTON
LANCASHIRE,LYTHAM ST ANNES
LANCASHIRE,MORECAMBE
LANCASHIRE,ROSSENDALE
LANCASHIRE,POULTON-LE-FYLDE
LANCASHIRE,LEYLAND
LANCASHIRE,SKELMERSDALE
LANCASHIRE,CHORLEY
LANCASHIRE,COLNE
BLACKPOOL,BLACKPOOL
LANCASHIRE,LANCASTER
LANCASHIRE,BURNLEY
LANCASHIRE,ORMSKIRK
LANCASHIRE,BLACKBURN
LANCASHIRE,CLITHEROE
LINCOLNSHIRE,MARKET RASEN
LINCOLNSHIRE,SPALDING
LINCOLNSHIRE,BOSTON
LINCOLNSHIRE,GRANTHAM
LINCOLNSHIRE,GRIMSBY
LINCOLNSHIRE,LINCOLN
LINCOLNSHIRE,LOUTH
LINCOLNSHIRE,GAINSBOROUGH
LINCOLNSHIRE,STAMFORD
LINCOLNSHIRE,SLEAFORD
LINCOLNSHIRE,HORNCASTLE
LINCOLNSHIRE,PETERBOROUGH
LEICESTERSHIRE,LOUGHBOROUGH
LEICESTERSHIRE,HINCKLEY
LEICESTERSHIRE,MARKFIELD
LEICESTERSHIRE,COALVILLE
LEICESTERSHIRE,LEICESTER
LEICESTERSHIRE,MARKET HARBOROUGH
LEICESTERSHIRE,MELTON MOWBRAY
LEICESTER,LEICESTER
LEICESTERSHIRE,NUNEATON
WEST MIDLANDS,BIRMINGHAM
WEST MIDLANDS,SOLIHULL
WEST MIDLANDS,COVENTRY
WEST MIDLANDS,OLDBURY
MERSEYSIDE,SOUTHPORT
MERSEYSIDE,ST HELENS
MERSEYSIDE,LIVERPOOL
MERSEYSIDE,BIRKENHEAD
MERSEYSIDE,WIRRAL
MERSEYSIDE,PRESCOT
MERSEYSIDE,WALLASEY
MERSEYSIDE,BOOTLE
NORFOLK,GREAT YARMOUTH
NORFOLK,SWAFFHAM
NORFOLK,WYMONDHAM
NORFOLK,CROMER
NOTTINGHAMSHIRE,SUTTON-IN-ASHFIELD
NORTH YORKSHIRE,CARNFORTH
NORTH YORKSHIRE,KNARESBOROUGH
NORTH YORKSHIRE,RICHMOND
NORTH YORKSHIRE,LEYBURN
NORTH YORKSHIRE,PICKERING
NORTH YORKSHIRE,LEEDS
NORTH YORKSHIRE,BEDALE
NORTH YORKSHIRE,CATTERICK GARRISON
GREATER LONDON,CHISLEHURST
GREATER LONDON,BEXLEYHEATH
OXFORDSHIRE,WITNEY
OXFORDSHIRE,OXFORD
OXFORDSHIRE,BANBURY
OXFORDSHIRE,ABINGDON
OXFORDSHIRE,BICESTER
OXFORDSHIRE,FARINGDON
OXFORDSHIRE,THAME
OXFORDSHIRE,CHIPPING NORTON
OXFORDSHIRE,KIDLINGTON
OXFORDSHIRE,WALLINGFORD
OXFORDSHIRE,DIDCOT
OXFORDSHIRE,CHINNOR
OXFORDSHIRE,HENLEY-ON-THAMES
NOTTINGHAMSHIRE,DONCASTER
GREATER LONDON,NEW MALDEN
GREATER LONDON,CROYDON
GREATER LONDON,CHESSINGTON
GREATER LONDON,BEXLEY
GREATER LONDON,SURBITON
GREATER LONDON,WESTERHAM
GREATER LONDON,RICHMOND
GREATER LONDON,SUTTON
GREATER LONDON,BECKENHAM
SUFFOLK,BRANDON
SUFFOLK,EYE
SUFFOLK,DISS
NORTH SOMERSET,WINSCOMBE
SOMERSET,WELLS
SOMERSET,STOKE-SUB-HAMDON
SOMERSET,FROME
SOMERSET,BRUTON
SOMERSET,TEMPLECOMBE
SOMERSET,BATH
SOMERSET,MINEHEAD
SOMERSET,WATCHET
SOMERSET,GLASTONBURY
SOMERSET,SHEPTON MALLET
SOMERSET,WELLINGTON
SOMERSET,AXBRIDGE
HAMPSHIRE,SOUTHAMPTON
HAMPSHIRE,NEW MILTON
NORTH YORKSHIRE,TADCASTER
NORTH YORKSHIRE,RIPON
OXFORDSHIRE,WANTAGE
ESSEX,CANVEY ISLAND
ESSEX,BISHOP'S STORTFORD
ESSEX,DUNMOW
ESSEX,BRENTWOOD
ESSEX,CLACTON-ON-SEA
ESSEX,BENFLEET
SOUTHEND-ON-SEA,LEIGH-ON-SEA
HAMPSHIRE,HOOK
HAMPSHIRE,ALDERSHOT
HAMPSHIRE,CHRISTCHURCH
EAST SUSSEX,ST LEONARDS-ON-SEA
EAST SUSSEX,HASTINGS
WORCESTERSHIRE,BROADWAY
HEREFORDSHIRE,HEREFORD
WORCESTERSHIRE,WORCESTER
WORCESTERSHIRE,STOURPORT-ON-SEVERN
WORCESTERSHIRE,EVESHAM
WORCESTERSHIRE,BROMSGROVE
WORCESTERSHIRE,KIDDERMINSTER
WORCESTERSHIRE,BIRMINGHAM
WORCESTERSHIRE,MALVERN
WORCESTERSHIRE,REDDITCH
HEREFORDSHIRE,WORCESTER
KENT,SNODLAND
KENT,SEVENOAKS
KENT,DARTFORD
KENT,RAMSGATE
KENT,DOVER
KENT,FAVERSHAM
KENT,SWANSCOMBE
KENT,MARGATE
KENT,WEST MALLING
LANCASHIRE,SOUTHPORT
WEST YORKSHIRE,BATLEY
WEST YORKSHIRE,KEIGHLEY
WEST YORKSHIRE,BINGLEY
WEST YORKSHIRE,BRADFORD
WEST YORKSHIRE,LEEDS
WEST YORKSHIRE,WAKEFIELD
WEST YORKSHIRE,MIRFIELD
WEST YORKSHIRE,SHIPLEY
WEST YORKSHIRE,DEWSBURY
WEST YORKSHIRE,HALIFAX
WEST YORKSHIRE,PUDSEY
WEST YORKSHIRE,HUDDERSFIELD
WEST YORKSHIRE,BRIGHOUSE
WEST YORKSHIRE,OSSETT
WEST YORKSHIRE,ELLAND
WEST YORKSHIRE,NORMANTON
WEST YORKSHIRE,CASTLEFORD
NOTTINGHAMSHIRE,MELTON MOWBRAY
NORTH NORTHAMPTONSHIRE,PETERBOROUGH
NORTH NORTHAMPTONSHIRE,KETTERING
WEST NORTHAMPTONSHIRE,NORTHAMPTON
WEST NORTHAMPTONSHIRE,RUGBY
NORTH NORTHAMPTONSHIRE,WELLINGBOROUGH
NORTH NORTHAMPTONSHIRE,NORTHAMPTON
WEST NORTHAMPTONSHIRE,BANBURY
LANCASHIRE,CREWE
LANCASHIRE,BLACKPOOL
LANCASHIRE,FLEETWOOD
LANCASHIRE,ACCRINGTON
LINCOLNSHIRE,BOURNE
LEICESTERSHIRE,LUTTERWORTH
LEICESTERSHIRE,DERBY
LEICESTERSHIRE,NOTTINGHAM
LEICESTERSHIRE,WIGSTON
LEICESTERSHIRE,IBSTOCK
WEST YORKSHIRE,PONTEFRACT
WEST YORKSHIRE,LIVERSEDGE
WEST YORKSHIRE,SOWERBY BRIDGE
WEST YORKSHIRE,ILKLEY
WEST YORKSHIRE,TODMORDEN
WEST YORKSHIRE,WETHERBY
NORTH YORKSHIRE,THIRSK
NORTH NORTHAMPTONSHIRE,RUSHDEN
NORTH NORTHAMPTONSHIRE,CORBY
WEST NORTHAMPTONSHIRE,DAVENTRY
WEST MIDLANDS,BRIERLEY HILL
NORFOLK,WELLS-NEXT-THE-SEA
WEST NORTHAMPTONSHIRE,BRACKLEY
NORTH YORKSHIRE,MIDDLESBROUGH
WEST NORTHAMPTONSHIRE,MILTON KEYNES
WEST NORTHAMPTONSHIRE,TOWCESTER
NORTH YORKSHIRE,WETHERBY
NORTH YORKSHIRE,KEIGHLEY
STAFFORDSHIRE,CREWE
WEST NORTHAMPTONSHIRE,MARKET HARBOROUGH
GREATER LONDON,WELLING
GREATER LONDON,CARSHALTON
GREATER LONDON,KINGSTON UPON THAMES
GREATER LONDON,MITCHAM
GREATER LONDON,KENLEY
SUFFOLK,FELIXSTOWE
SUFFOLK,HAVERHILL
SUFFOLK,ALDEBURGH
SURREY,FARNHAM
SURREY,CATERHAM
SURREY,EGHAM
SURREY,ALDERSHOT
SURREY,EAST MOLESEY
SURREY,GODSTONE
SURREY,LEATHERHEAD
NORTH YORKSHIRE,SETTLE
NORTH YORKSHIRE,HAWES
NORTH YORKSHIRE,LANCASTER
ESSEX,SAWBRIDGEWORTH
ESSEX,BROXBOURNE
ESSEX,SOUTHMINSTER
SURREY,WINDLESHAM
SURREY,DORKING
SURREY,BANSTEAD
SURREY,EPSOM
SURREY,GUILDFORD
SURREY,CRANLEIGH
SURREY,WOKING
GREATER LONDON,SOUTH CROYDON
HAMPSHIRE,NEWBURY
PORTSMOUTH,PORTSMOUTH
HAMPSHIRE,RINGWOOD
WORCESTERSHIRE,DROITWICH
HEREFORDSHIRE,ROSS-ON-WYE
HEREFORDSHIRE,LEOMINSTER
WORCESTERSHIRE,TENBURY WELLS
WEST YORKSHIRE,HEBDEN BRIDGE
WEST YORKSHIRE,OTLEY
WEST YORKSHIRE,HOLMFIRTH
WEST YORKSHIRE,CLECKHEATON
WEST YORKSHIRE,HECKMONDWIKE
NOTTINGHAMSHIRE,LOUGHBOROUGH
NORTH YORKSHIRE,KNOTTINGLEY
ESSEX,WALTON ON THE NAZE
ESSEX,EPPING
KENT,LONGFIELD
BLACKBURN WITH DARWEN,BLACKBURN
LINCOLNSHIRE,ALFORD
LINCOLNSHIRE,MABLETHORPE
LINCOLNSHIRE,SKEGNESS
EAST RIDING OF YORKSHIRE,BROUGH
EAST RIDING OF YORKSHIRE,COTTINGHAM
EAST RIDING OF YORKSHIRE,BEVERLEY
WEST MIDLANDS,HALESOWEN
WEST MIDLANDS,KINGSWINFORD
MERSEYSIDE,WIGAN
NORTH YORKSHIRE,YARM
STAFFORDSHIRE,STOURBRIDGE
STAFFORDSHIRE,NEWPORT
STAFFORDSHIRE,LEEK
STAFFORDSHIRE,UTTOXETER
GREATER LONDON,MORDEN
GREATER LONDON,THORNTON HEATH
GREATER LONDON,KESTON
SUFFOLK,BECCLES
OXFORDSHIRE,WATLINGTON
OXFORDSHIRE,CARTERTON
SURREY,SUTTON
SURREY,HORLEY
GREATER LONDON,WORCESTER PARK
SURREY,HINDHEAD
SURREY,HASLEMERE
SURREY,ADDLESTONE
SURREY,SUNBURY-ON-THAMES
SURREY,COBHAM
SURREY,REDHILL
SURREY,WALTON-ON-THAMES
HAMPSHIRE,ROMSEY
HAMPSHIRE,HAVANT
WORCESTERSHIRE,STOURBRIDGE
SWINDON,SWINDON
WILTSHIRE,DEVIZES
WILTSHIRE,WARMINSTER
WILTSHIRE,CHIPPENHAM
WILTSHIRE,SALISBURY
WILTSHIRE,MELKSHAM
WILTSHIRE,ANDOVER
WILTSHIRE,BRADFORD-ON-AVON
WILTSHIRE,MALMESBURY
OXFORDSHIRE,SWINDON
OXFORDSHIRE,BAMPTON
GREATER LONDON,NORTHOLT
WORCESTERSHIRE,PERSHORE
GREATER MANCHESTER,OLDHAM
GREATER MANCHESTER,MANCHESTER
GREATER MANCHESTER,BURY
GREATER MANCHESTER,BOLTON
GREATER MANCHESTER,ASHTON-UNDER-LYNE
WARRINGTON,WARRINGTON
GREATER MANCHESTER,ROCHDALE
LANCASHIRE,ROCHDALE
BLACKBURN WITH DARWEN,DARWEN
EAST RIDING OF YORKSHIRE,HORNSEA
EAST RIDING OF YORKSHIRE,GOOLE
CENTRAL BEDFORDSHIRE,HARPENDEN
LEICESTERSHIRE,SWADLINCOTE
GREATER MANCHESTER,CHEADLE
GREATER MANCHESTER,ALTRINCHAM
GREATER MANCHESTER,DUKINFIELD
GREATER MANCHESTER,LEIGH
GREATER MANCHESTER,WIGAN
WEST MIDLANDS,SUTTON COLDFIELD
WEST MIDLANDS,ROWLEY REGIS
WEST MIDLANDS,BILSTON
OXFORDSHIRE,READING
OXFORDSHIRE,WOODSTOCK
WEST MIDLANDS,WEDNESBURY
GREATER LONDON,TEDDINGTON
GREATER LONDON,BELVEDERE
OXFORDSHIRE,BURFORD
GREATER LONDON,HAMPTON
GREATER LONDON,DARTFORD
SUFFOLK,HALESWORTH
SUFFOLK,SOUTHWOLD
EAST SUSSEX,BEXHILL-ON-SEA
WEST SUSSEX,HAYWARDS HEATH
WEST SUSSEX,LITTLEHAMPTON
EAST SUSSEX,HAILSHAM
WEST SUSSEX,BURGESS HILL
WEST SUSSEX,HASSOCKS
WEST SUSSEX,WORTHING
WEST SUSSEX,HORSHAM
EAST SUSSEX,EASTBOURNE
WEST SUSSEX,EMSWORTH
WEST SUSSEX,BOGNOR REGIS
BRIGHTON AND HOVE,BRIGHTON
EAST SUSSEX,CROWBOROUGH
BRIGHTON AND HOVE,HOVE
EAST SUSSEX,RYE
SURREY,REIGATE
WILTSHIRE,SWINDON
WILTSHIRE,WESTBURY
WILTSHIRE,TROWBRIDGE
WILTSHIRE,CALNE
HEREFORDSHIRE,BROMYARD
HEREFORDSHIRE,MALVERN
HEREFORDSHIRE,LEDBURY
WORCESTERSHIRE,TEWKESBURY
ISLE OF WIGHT,NEWPORT
ISLE OF WIGHT,VENTNOR
ISLE OF WIGHT,RYDE
ISLE OF WIGHT,COWES
GREATER MANCHESTER,SALFORD
HALTON,WIDNES
RHONDDA CYNON TAFF,PONTYPRIDD
CAERPHILLY,CAERPHILLY
CARMARTHENSHIRE,LLANELLI
THE VALE OF GLAMORGAN,LLANTWIT MAJOR
PEMBROKESHIRE,MILFORD HAVEN
SWANSEA,SWANSEA
BLAENAU GWENT,EBBW VALE
MONMOUTHSHIRE,CALDICOT
TORFAEN,PONTYPOOL
CONWY,COLWYN BAY
CARMARTHENSHIRE,AMMANFORD
BRIDGEND,BRIDGEND
MONMOUTHSHIRE,USK
PEMBROKESHIRE,FISHGUARD
CAERPHILLY,BARGOED
CARDIFF,CARDIFF
CEREDIGION,ABERYSTWYTH
ISLE OF ANGLESEY,HOLYHEAD
PEMBROKESHIRE,HAVERFORDWEST
RHONDDA CYNON TAFF,ABERDARE
GWYNEDD,DOLGELLAU
WREXHAM,WREXHAM
CARMARTHENSHIRE,CARMARTHEN
CONWY,PENMAENMAWR
FLINTSHIRE,MOLD
TYNE AND WEAR,EAST BOLDON
TYNE AND WEAR,NORTH SHIELDS
TYNE AND WEAR,CHESTER LE STREET
TYNE AND WEAR,HOUGHTON LE SPRING
TYNE AND WEAR,NEWCASTLE UPON TYNE
TYNE AND WEAR,SOUTH SHIELDS
TYNE AND WEAR,WHITLEY BAY
TYNE AND WEAR,BLAYDON-ON-TYNE
TYNE AND WEAR,RYTON
TYNE AND WEAR,SUNDERLAND
TYNE AND WEAR,HEBBURN
TYNE AND WEAR,BOLDON COLLIERY
TYNE AND WEAR,GATESHEAD
TYNE AND WEAR,WASHINGTON
LANCASHIRE,NELSON
LINCOLNSHIRE,WOODHALL SPA
GREATER MANCHESTER,LITTLEBOROUGH
GREATER MANCHESTER,HEYWOOD
GREATER MANCHESTER,HYDE
GREATER MANCHESTER,WARRINGTON
WEST MIDLANDS,WILLENHALL
TYNE AND WEAR,JARROW
NEATH PORT TALBOT,NEATH
DENBIGHSHIRE,DENBIGH
FLINTSHIRE,BUCKLEY
CARMARTHENSHIRE,BURRY PORT
NEWPORT,NEWPORT
NEATH PORT TALBOT,PORT TALBOT
CONWY,ABERGELE
THE VALE OF GLAMORGAN,COWBRIDGE
DENBIGHSHIRE,RHYL
CAERPHILLY,BLACKWOOD
POWYS,SWANSEA
THE VALE OF GLAMORGAN,BARRY
MONMOUTHSHIRE,CHEPSTOW
PEMBROKESHIRE,CARDIGAN
CEREDIGION,TALYBONT
CARMARTHENSHIRE,SWANSEA
PEMBROKESHIRE,SAUNDERSFOOT
CAERPHILLY,NEW TREDEGAR
CARMARTHENSHIRE,LLANDEILO
MERTHYR TYDFIL,MERTHYR TYDFIL
CARMARTHENSHIRE,WHITLAND
PEMBROKESHIRE,PEMBROKE
POWYS,WELSHPOOL
MONMOUTHSHIRE,MONMOUTH
ISLE OF ANGLESEY,AMLWCH
POWYS,MONTGOMERY
CAERPHILLY,HENGOED
CAERPHILLY,NEWPORT
CARMARTHENSHIRE,LLANWRDA
WREXHAM,WHITCHURCH
POWYS,BRECON
PEMBROKESHIRE,TENBY
TYNE AND WEAR,WALLSEND
TYNE AND WEAR,CRAMLINGTON
BRIDGEND,MAESTEG
NEATH PORT TALBOT,SWANSEA
RHONDDA CYNON TAFF,PONTYCLUN
RHONDDA CYNON TAFF,TREORCHY
THE VALE OF GLAMORGAN,CARDIFF
RHONDDA CYNON TAFF,TONYPANDY
THE VALE OF GLAMORGAN,PENARTH
MONMOUTHSHIRE,ABERGAVENNY
CONWY,CONWY
GWYNEDD,CAERNARFON
RHONDDA CYNON TAFF,PENTRE
FLINTSHIRE,FLINT
BLAENAU GWENT,ABERTILLERY
POWYS,LLANDRINDOD WELLS
FLINTSHIRE,CHESTER
TORFAEN,CWMBRAN
WARWICKSHIRE,LEAMINGTON SPA
WARWICKSHIRE,BEDWORTH
WARWICKSHIRE,RUGBY
WARWICKSHIRE,SOLIHULL
WARWICKSHIRE,NUNEATON
WARWICKSHIRE,COVENTRY
WARWICKSHIRE,ATHERSTONE
WARWICKSHIRE,SOUTHAM
WARWICKSHIRE,TAMWORTH
WARWICKSHIRE,KENILWORTH
WARWICKSHIRE,STRATFORD-UPON-AVON
WARWICKSHIRE,SHIPSTON-ON-STOUR
THE VALE OF GLAMORGAN,BRIDGEND
RHONDDA CYNON TAFF,FERNDALE
ESSEX,STANSTED
ESSEX,ROMFORD
STAFFORDSHIRE,MARKET DRAYTON
SUFFOLK,SAXMUNDHAM
SURREY,THAMES DITTON
SURREY,VIRGINIA WATER
DENBIGHSHIRE,PRESTATYN
ISLE OF ANGLESEY,LLANGEFNI
PEMBROKESHIRE,PEMBROKE DOCK
GWYNEDD,BLAENAU FFESTINIOG
DENBIGHSHIRE,RUTHIN
FLINTSHIRE,BAGILLT
POWYS,NEWTOWN
WARWICKSHIRE,BANBURY
WARWICKSHIRE,HENLEY-IN-ARDEN
WARWICKSHIRE,ALCESTER
WARWICKSHIRE,WARWICK
WARWICKSHIRE,BIRMINGHAM
SURREY,OXTED
SURREY,GODALMING
SURREY,WEYBRIDGE
SURREY,CHERTSEY
HAMPSHIRE,YATELEY
ISLE OF WIGHT,FRESHWATER
ISLE OF WIGHT,SHANKLIN
ISLE OF WIGHT,EAST COWES
ISLE OF WIGHT,BEMBRIDGE
ISLE OF WIGHT,SANDOWN
WEST YORKSHIRE,KNOTTINGLEY
RHONDDA CYNON TAFF,PORTH
PEMBROKESHIRE,CRYMYCH
RHONDDA CYNON TAFF,CARDIFF
POWYS,CRICKHOWELL
CEREDIGION,LAMPETER
PEMBROKESHIRE,NARBERTH
WREXHAM,LLANGOLLEN
POWYS,RHAYADER
CONWY,RHYL
GREATER MANCHESTER,STOCKPORT
GREATER MANCHESTER,SALE
EAST RIDING OF YORKSHIRE,NORTH FERRIBY
BRIDGEND,PORTHCAWL
GWYNEDD,HARLECH
GWYNEDD,TYWYN
GWYNEDD,BANGOR
ISLE OF ANGLESEY,BEAUMARIS
GWYNEDD,PWLLHELI
CARMARTHENSHIRE,NEWCASTLE EMLYN
POWYS,LLANIDLOES
ISLE OF ANGLESEY,LLANFAIRPWLLGWYNGYLL
GWYNEDD,DYFFRYN ARDUDWY
POWYS,MEIFOD
CONWY,BETWS-Y-COED
FLINTSHIRE,HOLYWELL
NORFOLK,FAKENHAM
THE VALE OF GLAMORGAN,DINAS POWYS
CONWY,LLANFAIRFECHAN
CONWY,LLANDUDNO
NORFOLK,NORTH WALSHAM
NORFOLK,HUNSTANTON
NORFOLK,SHERINGHAM
NORFOLK,DISS
NORFOLK,HOLT
NORFOLK,BUNGAY
OXFORDSHIRE,LECHLADE
BLAENAU GWENT,TREDEGAR
CEREDIGION,NEW QUAY
CEREDIGION,ABERAERON
CARMARTHENSHIRE,PENCADER
CARMARTHENSHIRE,FERRYSIDE
RHONDDA CYNON TAFF,MOUNTAIN ASH
TYNE AND WEAR,ROWLANDS GILL
GREATER LONDON,WEST WICKHAM
GREATER LONDON,BANSTEAD
GWYNEDD,FAIRBOURNE
MONMOUTHSHIRE,PONTYPOOL
CEREDIGION,CARDIGAN
SURREY,WARLINGHAM
SURREY,ESHER
ISLE OF WIGHT,YARMOUTH
ISLE OF WIGHT,TOTLAND BAY
KENT,AYLESFORD
WILTSHIRE,MARLBOROUGH
POWYS,LLANYMYNECH
FLINTSHIRE,DEESIDE
MERTHYR TYDFIL,TREHARRIS
ISLE OF ANGLESEY,RHOSNEIGR
NEWPORT,CARDIFF
KENT,ROMNEY MARSH
BLACKBURN WITH DARWEN,BOLTON
LANCASHIRE,BARNOLDSWICK
POWYS,LLANFYLLIN
PEMBROKESHIRE,GOODWICK
MERSEYSIDE,PRENTON
TORFAEN,NEWPORT
ISLE OF ANGLESEY,MENAI BRIDGE
GWYNEDD,Y FELINHELI
HALTON,RUNCORN
CARMARTHENSHIRE,LLANDYSUL
ISLE OF ANGLESEY,BRYNTEG
POWYS,BUILTH WELLS
KENT,GREENHITHE
KENT,SANDWICH
KENT,SHEERNESS
ESSEX,BURNHAM-ON-CROUCH
STAFFORDSHIRE,ASHBOURNE
CEREDIGION,LLANDYSUL
GWYNEDD,CRICCIETH
POWYS,OSWESTRY
BEDFORD,ST NEOTS
SHROPSHIRE,SHREWSBURY
WREKIN,TELFORD
SOMERSET,SHERBORNE
WILTSHIRE,CORSHAM
POWYS,HEREFORD
KENT,NEW ROMNEY
KENT,SWANLEY
CAERPHILLY,TREDEGAR
KENT,BIRCHINGTON
LANCASHIRE,BACUP
EAST RIDING OF YORKSHIRE,WITHERNSEA
FLINTSHIRE,PRESTATYN
PEMBROKESHIRE,GLOGUE
MERSEYSIDE,NEWTON-LE-WILLOWS
MERSEYSIDE,WIDNES
PEMBROKESHIRE,KILGETTY
PEMBROKESHIRE,NEWPORT
HERTFORDSHIRE,POTTERS BAR
NORTHUMBERLAND,CRAMLINGTON
NORTHUMBERLAND,ALNWICK
NORTHUMBERLAND,ASHINGTON
NORTHUMBERLAND,CHOPPINGTON
NORTHUMBERLAND,HEXHAM
NORTHUMBERLAND,BRAMPTON
NORTHUMBERLAND,NEWBIGGIN-BY-THE-SEA
NORTHUMBERLAND,MORPETH
NORFOLK,BRANDON
CONWY,TREFRIW
POWYS,MACHYNLLETH
READING,READING
STAFFORDSHIRE,DUDLEY
SHROPSHIRE,LUDLOW
SHROPSHIRE,MARKET DRAYTON
WREKIN,NEWPORT
SHROPSHIRE,MUCH WENLOCK
SHROPSHIRE,ELLESMERE
SHROPSHIRE,OSWESTRY
SHROPSHIRE,BRIDGNORTH
SOMERSET,HINTON ST GEORGE
WEST SUSSEX,EAST GRINSTEAD
WEST SUSSEX,CRAWLEY
WEST SUSSEX,MIDHURST
EAST SUSSEX,UCKFIELD
GWYNEDD,ABERDOVEY
WEST SUSSEX,PULBOROUGH
WEST SUSSEX,LANCING
EAST SUSSEX,LEWES
EAST SUSSEX,ETCHINGHAM
WEST SUSSEX,BILLINGSHURST
EAST SUSSEX,POLEGATE
KENT,TENTERDEN
BLACKPOOL,THORNTON-CLEVELEYS
CEREDIGION,BORTH
GWYNEDD,BARMOUTH
CONWY,LLANRWST
LANCASHIRE,WIGAN
RUTLAND,OAKHAM
LEICESTERSHIRE,GRANTHAM
GREATER MANCHESTER,STALYBRIDGE
HERTFORDSHIRE,HATFIELD
HERTFORDSHIRE,WATFORD
TORBAY,PAIGNTON
CITY OF DERBY,DERBY
CHESHIRE WEST AND CHESTER,NORTHWICH
STOCKTON-ON-TEES,STOCKTON-ON-TEES
STAFFORDSHIRE,BUXTON
NORTHUMBERLAND,PRUDHOE
NORTHUMBERLAND,NEWCASTLE UPON TYNE
NORTHUMBERLAND,BEDLINGTON
NORTHUMBERLAND,RIDING MILL
NORTHUMBERLAND,BLYTH
NORTHUMBERLAND,WHITLEY BAY
NORTHUMBERLAND,CHATHILL
NORFOLK,WALSINGHAM
EAST SUSSEX,SEAFORD
"BOURNEMOUTH, CHRISTCHURCH AND POOLE",POOLE
PORTSMOUTH,SOUTHSEA
SHROPSHIRE,WHITCHURCH
SHROPSHIRE,WOLVERHAMPTON
BEDFORD,RUSHDEN
SHROPSHIRE,CRAVEN ARMS
GREATER LONDON,EPSOM
NORTH LINCOLNSHIRE,IMMINGHAM
LEICESTERSHIRE,ASHBY-DE-LA-ZOUCH
NORTHUMBERLAND,BERWICK-UPON-TWEED
NORTHUMBERLAND,WOOLER
WEST BERKSHIRE,NEWBURY
BUCKINGHAMSHIRE,IVER
CAMBRIDGESHIRE,PETERBOROUGH
CAMBRIDGESHIRE,ST IVES
CHESHIRE WEST AND CHESTER,ELLESMERE PORT
CORNWALL,LAUNCESTON
SUFFOLK,BUNGAY
SHROPSHIRE,TELFORD
SOMERSET,WESTON-SUPER-MARE
NORTH LINCOLNSHIRE,DONCASTER
CHESHIRE EAST,STOKE-ON-TRENT
STAFFORDSHIRE,SUTTON COLDFIELD
BEDFORD,WELLINGBOROUGH
NORTH EAST LINCOLNSHIRE,IMMINGHAM
KENT,BEXLEY
KENT,CHATHAM
CORNWALL,CAMBORNE
NORTHUMBERLAND,SEAHOUSES
NORTHUMBERLAND,WYLAM
NORTHUMBERLAND,HALTWHISTLE
HAMPSHIRE,ALTON
HAMPSHIRE,HAYLING ISLAND
HAMPSHIRE,BORDON
HAMPSHIRE,PETERSFIELD
HAMPSHIRE,HINDHEAD
CORNWALL,PENZANCE
DEVON,NEWTON ABBOT
DEVON,PLYMOUTH
TORBAY,TORQUAY
DEVON,CREDITON
CITY OF PLYMOUTH,PLYMOUTH
DEVON,BUDLEIGH SALTERTON
DERBYSHIRE,ALFRETON
DERBYSHIRE,MATLOCK
GLOUCESTERSHIRE,CHELTENHAM
HAMPSHIRE,EMSWORTH
SHROPSHIRE,BROSELEY
GREATER LONDON,SWANLEY
SHROPSHIRE,CREWE
GREATER LONDON,BUCKHURST HILL
NORTH LINCOLNSHIRE,BARTON-UPON-HUMBER
LANCASHIRE,CARNFORTH
SOUTH YORKSHIRE,DONCASTER
LINCOLNSHIRE,SPILSBY
RUTLAND,STAMFORD
SOUTH YORKSHIRE,BARNSLEY
SOUTH YORKSHIRE,SHEFFIELD
WEST SUSSEX,STEYNING
NORFOLK,ATTLEBOROUGH
DERBYSHIRE,CHESTERFIELD
SHROPSHIRE,LYDBURY NORTH
SOMERSET,STREET
SOMERSET,WINCANTON
REDCAR AND CLEVELAND,GUISBOROUGH
REDCAR AND CLEVELAND,REDCAR
STOCKTON-ON-TEES,YARM
HAMPSHIRE,LISS
HAMPSHIRE,FARNHAM
HAMPSHIRE,STOCKBRIDGE
HAMPSHIRE,ALRESFORD
EAST RIDING OF YORKSHIRE,SELBY
NORTH LINCOLNSHIRE,GAINSBOROUGH
SOUTH YORKSHIRE,WORKSOP
WORCESTERSHIRE,BEWDLEY
WEST MIDLANDS,CRADLEY HEATH
WEST SUSSEX,CHICHESTER
WEST SUSSEX,HENFIELD
WEST SUSSEX,SHOREHAM-BY-SEA
GREATER LONDON,DAGENHAM
WILTSHIRE,SHAFTESBURY
WILTSHIRE,PEWSEY
COUNTY DURHAM,CHESTER LE STREET
SOMERSET,CHARD
HAMPSHIRE,FORDINGBRIDGE
"BOURNEMOUTH, CHRISTCHURCH AND POOLE",CHRISTCHURCH
HAMPSHIRE,THATCHAM
"BOURNEMOUTH, CHRISTCHURCH AND POOLE",BOURNEMOUTH
KENT,ROCHESTER
WEST MIDLANDS,SMETHWICK
BRACKNELL FOREST,BRACKNELL
WINDSOR AND MAIDENHEAD,MAIDENHEAD
WOKINGHAM,READING
WEST BERKSHIRE,THATCHAM
WEST BERKSHIRE,READING
WEST BERKSHIRE,HUNGERFORD
WOKINGHAM,WOKINGHAM
SLOUGH,SLOUGH
CAMBRIDGESHIRE,CAMBRIDGE
CAMBRIDGESHIRE,ELY
CITY OF PETERBOROUGH,PETERBOROUGH
CAMBRIDGESHIRE,MARCH
CAMBRIDGESHIRE,HUNTINGDON
CAMBRIDGESHIRE,WISBECH
CAMBRIDGESHIRE,ST NEOTS
CHESHIRE EAST,WILMSLOW
CHESHIRE EAST,NANTWICH
CHESHIRE EAST,CREWE
CHESHIRE WEST AND CHESTER,WINSFORD
CHESHIRE WEST AND CHESTER,CHESTER
WEST SUSSEX,PETWORTH
CHESHIRE EAST,MACCLESFIELD
CHESHIRE EAST,SANDBACH
CORNWALL,LOOE
CORNWALL,REDRUTH
CORNWALL,ST COLUMB
CORNWALL,TORPOINT
CORNWALL,CALLINGTON
CORNWALL,BUDE
CORNWALL,ST AUSTELL
CORNWALL,HAYLE
CORNWALL,TRURO
CORNWALL,ST IVES
CORNWALL,HELSTON
CORNWALL,WADEBRIDGE
CORNWALL,LISKEARD
CORNWALL,FALMOUTH
POWYS,KNIGHTON
GWYNEDD,PORTHMADOG
DENBIGHSHIRE,CORWEN
DEVON,SOUTH BRENT
DEVON,KINGSBRIDGE
DEVON,TOTNES
DEVON,TORQUAY
DEVON,EXMOUTH
DEVON,BUCKFASTLEIGH
DEVON,TEIGNMOUTH
WILTSHIRE,TIDWORTH
DEVON,DAWLISH
DEVON,ILFRACOMBE
DEVON,CULLOMPTON
DEVON,COLYTON
DEVON,TIVERTON
DORSET,WEYMOUTH
DORSET,FERNDOWN
DORSET,SHERBORNE
DORSET,DORCHESTER
DORSET,SHAFTESBURY
DORSET,WIMBORNE
DORSET,BEAMINSTER
DERBYSHIRE,HIGH PEAK
DERBYSHIRE,DERBY
DERBYSHIRE,NOTTINGHAM
DERBYSHIRE,GLOSSOP
DERBYSHIRE,ILKESTON
DERBYSHIRE,MANSFIELD
DERBYSHIRE,DRONFIELD
DERBYSHIRE,BUXTON
DERBYSHIRE,SWADLINCOTE
DERBYSHIRE,ASHBOURNE
REDCAR AND CLEVELAND,SALTBURN-BY-THE-SEA
REDCAR AND CLEVELAND,MIDDLESBROUGH
EAST SUSSEX,MAYFIELD
EAST SUSSEX,NEWHAVEN
EAST SUSSEX,PEACEHAVEN
EAST SUSSEX,WADHURST
GLOUCESTERSHIRE,COLEFORD
GLOUCESTERSHIRE,DYMOCK
GLOUCESTERSHIRE,MORETON-IN-MARSH
GLOUCESTERSHIRE,STROUD
GLOUCESTERSHIRE,GLOUCESTER
GLOUCESTERSHIRE,CIRENCESTER
GLOUCESTERSHIRE,STONEHOUSE
GLOUCESTERSHIRE,RUARDEAN
SOUTH GLOUCESTERSHIRE,CHIPPENHAM
HERTFORDSHIRE,HEMEL HEMPSTEAD
HERTFORDSHIRE,WELWYN GARDEN CITY
HERTFORDSHIRE,WELWYN
HERTFORDSHIRE,BROXBOURNE
HERTFORDSHIRE,STEVENAGE
HERTFORDSHIRE,RADLETT
HERTFORDSHIRE,BERKHAMSTED
HERTFORDSHIRE,WALTHAM CROSS
HERTFORDSHIRE,WARE
HERTFORDSHIRE,ST ALBANS
HERTFORDSHIRE,BOREHAMWOOD
HERTFORDSHIRE,TRING
HERTFORDSHIRE,LETCHWORTH GARDEN CITY
HERTFORDSHIRE,HARPENDEN
HERTFORDSHIRE,BISHOP'S STORTFORD
SOMERSET,MERRIOTT
WINDSOR AND MAIDENHEAD,WINDSOR
CAMBRIDGESHIRE,NEWMARKET
CAMBRIDGESHIRE,CHATTERIS
WEST SUSSEX,ARUNDEL
CHESHIRE WEST AND CHESTER,NESTON
CHESHIRE EAST,KNUTSFORD
CHESHIRE WEST AND CHESTER,TARPORLEY
CHESHIRE WEST AND CHESTER,WARRINGTON
CORNWALL,NEWQUAY
CORNWALL,TINTAGEL
CORNWALL,BODMIN
CORNWALL,PAR
CORNWALL,SALTASH
CORNWALL,PENRYN
CORNWALL,DELABOLE
MIDDLESBROUGH,MIDDLESBROUGH
DEVON,LYNTON
DEVON,BIDEFORD
DEVON,BARNSTAPLE
DEVON,SIDMOUTH
DEVON,EXETER
DEVON,HONITON
DEVON,IVYBRIDGE
DEVON,AXMINSTER
DEVON,YELVERTON
DEVON,TAVISTOCK
DORSET,WAREHAM
DORSET,BLANDFORD FORUM
DORSET,POOLE
DORSET,VERWOOD
DORSET,SALISBURY
DORSET,STURMINSTER NEWTON
DERBYSHIRE,BELPER
WARWICKSHIRE,STUDLEY
DERBYSHIRE,SHEFFIELD
DERBYSHIRE,WORKSOP
DERBYSHIRE,BAKEWELL
EAST SUSSEX,HEATHFIELD
GREATER LONDON,BARKING
GLOUCESTERSHIRE,LECHLADE
HERTFORDSHIRE,HODDESDON
HERTFORDSHIRE,HITCHIN
HERTFORDSHIRE,BUSHEY
HERTFORDSHIRE,NORTHWOOD
HERTFORDSHIRE,ROYSTON
EAST SUSSEX,FOREST ROW
EAST SUSSEX,TUNBRIDGE WELLS
EAST SUSSEX,PEVENSEY
EAST SUSSEX,BATTLE
EAST SUSSEX,ROBERTSBRIDGE
SOMERSET,MARTOCK
BRACKNELL FOREST,ASCOT
ESSEX,SUDBURY
ESSEX,CHIGWELL
ESSEX,LEIGH-ON-SEA
CHESHIRE EAST,CONGLETON
CORNWALL,GUNNISLAKE
GLOUCESTERSHIRE,WOTTON-UNDER-EDGE
GLOUCESTERSHIRE,LYDNEY
GLOUCESTERSHIRE,TEWKESBURY
GLOUCESTERSHIRE,DURSLEY
GLOUCESTERSHIRE,WESTBURY-ON-SEVERN
DEVON,OKEHAMPTON
DEVON,UMBERLEIGH
DEVON,SEATON
DEVON,TORRINGTON
DORSET,SWANAGE
DORSET,BRIDPORT
DORSET,PORTLAND
DORSET,RINGWOOD
"BOURNEMOUTH, CHRISTCHURCH AND POOLE",BROADSTONE
DARLINGTON,DARLINGTON
COUNTY DURHAM,DURHAM
HARTLEPOOL,HARTLEPOOL
COUNTY DURHAM,CONSETT
COUNTY DURHAM,SEAHAM
COUNTY DURHAM,WINGATE
COUNTY DURHAM,NEWTON AYCLIFFE
COUNTY DURHAM,FERRYHILL
COUNTY DURHAM,BISHOP AUCKLAND
COUNTY DURHAM,PETERLEE
COUNTY DURHAM,SPENNYMOOR
COUNTY DURHAM,STANLEY
DARLINGTON,NEWTON AYCLIFFE
COUNTY DURHAM,HOUGHTON LE SPRING
COUNTY DURHAM,STOCKTON-ON-TEES
COUNTY DURHAM,NEWCASTLE UPON TYNE
DORSET,FORDINGBRIDGE
DERBYSHIRE,HEANOR
COUNTY DURHAM,CROOK
COUNTY DURHAM,BARNARD CASTLE
DERBYSHIRE,HOPE VALLEY
SURREY,LINGFIELD
SURREY,STAINES-UPON-THAMES
SOUTH YORKSHIRE,ROTHERHAM
WARWICKSHIRE,SUTTON COLDFIELD
GLOUCESTERSHIRE,CINDERFORD
GLOUCESTERSHIRE,LYDBROOK
GLOUCESTERSHIRE,FAIRFORD
EAST SUSSEX,HASSOCKS
EAST SUSSEX,HARTFIELD
SOUTH YORKSHIRE,MEXBOROUGH
HERTFORDSHIRE,BALDOCK
CORNWALL,BOSCASTLE
CUMBERLAND,KESWICK
CUMBERLAND,MILLOM
CUMBERLAND,CARLISLE
WESTMORLAND AND FURNESS,KENDAL
WESTMORLAND AND FURNESS,BARROW-IN-FURNESS
WESTMORLAND AND FURNESS,ASKAM-IN-FURNESS
CUMBERLAND,EGREMONT
CUMBERLAND,WHITEHAVEN
CEREDIGION,TREGARON
DEVON,WOOLACOMBE
DEVON,DARTMOUTH
DEVON,OTTERY ST MARY
DEVON,HOLSWORTHY
TORBAY,BRIXHAM
DORSET,GILLINGHAM
DORSET,BOURNEMOUTH
DERBYSHIRE,RIPLEY
WARWICKSHIRE,EVESHAM
GLOUCESTERSHIRE,BERKELEY
SOMERSET,SOMERTON
GLOUCESTERSHIRE,NEWENT
GLOUCESTERSHIRE,MITCHELDEAN
WILTSHIRE,BATH
WEST YORKSHIRE,BARNSLEY
GLOUCESTERSHIRE,NEWNHAM
CHESHIRE EAST,MIDDLEWICH
CHESHIRE EAST,STOCKPORT
CUMBERLAND,MARYPORT
WESTMORLAND AND FURNESS,DALTON-IN-FURNESS
WESTMORLAND AND FURNESS,CARNFORTH
CUMBERLAND,WORKINGTON
WESTMORLAND AND FURNESS,PENRITH
CUMBERLAND,COCKERMOUTH
WESTMORLAND AND FURNESS,ULVERSTON
CUMBERLAND,WIGTON
CUMBERLAND,CLEATOR MOOR
WESTMORLAND AND FURNESS,KESWICK
CARMARTHENSHIRE,KIDWELLY
DORSET,LYME REGIS
COUNTY DURHAM,TRIMDON STATION
DEVON,SOUTH MOLTON
DEVON,NORTH TAWTON
DEVON,LIFTON
COUNTY DURHAM,SHILDON
COUNTY DURHAM,HARTLEPOOL
WARWICKSHIRE,HINCKLEY
SOMERSET,CASTLE CARY
GLOUCESTERSHIRE,DRYBROOK
GLOUCESTERSHIRE,TETBURY
HAMPSHIRE,CAMBERLEY
ESSEX,HAVERHILL
WEST SUSSEX,BRIGHTON
THURROCK,UPMINSTER
BEDFORD,DUNSTABLE
GLOUCESTERSHIRE,CHIPPING CAMPDEN
BUCKINGHAMSHIRE,MARLOW
BUCKINGHAMSHIRE,UXBRIDGE
MILTON KEYNES,MILTON KEYNES
BUCKINGHAMSHIRE,HIGH WYCOMBE
MILTON KEYNES,NEWPORT PAGNELL
BUCKINGHAMSHIRE,BOURNE END
BUCKINGHAMSHIRE,SLOUGH
BUCKINGHAMSHIRE,CHALFONT ST GILES
BUCKINGHAMSHIRE,LEIGHTON BUZZARD
BUCKINGHAMSHIRE,CHESHAM
BUCKINGHAMSHIRE,MILTON KEYNES
BUCKINGHAMSHIRE,AYLESBURY
CAMBRIDGESHIRE,ROYSTON
GLOUCESTERSHIRE,MONMOUTH
WESTMORLAND AND FURNESS,GRANGE-OVER-SANDS
WESTMORLAND AND FURNESS,SEDBERGH
PEMBROKESHIRE,BONCATH
GWYNEDD,MACHYNLLETH
POWYS,LLANSANTFFRAID
DEVON,BRAUNTON
COUNTY DURHAM,DARLINGTON
DERBYSHIRE,BURTON-ON-TRENT
KENT,WESTERHAM
STOCKTON-ON-TEES,BILLINGHAM
ESSEX,BUCKHURST HILL
ESSEX,WOODFORD GREEN
SURREY,KENLEY
SURREY,TADWORTH
SURREY,WEST BYFLEET
SURREY,CAMBERLEY
SURREY,ASHTEAD
HEREFORDSHIRE,KINGTON
HEREFORDSHIRE,LUDLOW
SURREY,ASHFORD
SURREY,EAST GRINSTEAD
BUCKINGHAMSHIRE,GREAT MISSENDEN
BUCKINGHAMSHIRE,PRINCES RISBOROUGH
BUCKINGHAMSHIRE,BUCKINGHAM
MILTON KEYNES,OLNEY
BUCKINGHAMSHIRE,AMERSHAM
BUCKINGHAMSHIRE,BEACONSFIELD
BUCKINGHAMSHIRE,BICESTER
CAMBRIDGESHIRE,SANDY
CHESHIRE EAST,ALTRINCHAM
CUMBERLAND,FRIZINGTON
CUMBERLAND,BRAMPTON
WESTMORLAND AND FURNESS,AMBLESIDE
CUMBERLAND,MOOR ROW
POWYS,NEATH
PEMBROKESHIRE,WHITLAND
WORCESTERSHIRE,STRATFORD-UPON-AVON
COUNTY DURHAM,RICHMOND
GREATER LONDON,CHIGWELL
HAMPSHIRE,BROCKENHURST
BUCKINGHAMSHIRE,BERKHAMSTED
CHESHIRE WEST AND CHESTER,FRODSHAM
CHESHIRE EAST,NORTHWICH
WARRINGTON,LYMM
WEST SUSSEX,LISS
CUMBERLAND,SEASCALE
WESTMORLAND AND FURNESS,KIRKBY-IN-FURNESS
WEST SUSSEX,HASLEMERE
EAST SUSSEX,WINCHELSEA
THURROCK,PURFLEET-ON-THAMES
BUCKINGHAMSHIRE,HENLEY-ON-THAMES
BUCKINGHAMSHIRE,GERRARDS CROSS
BUCKINGHAMSHIRE,DUNSTABLE
CITY OF PETERBOROUGH,STAMFORD
CAMBRIDGESHIRE,SAFFRON WALDEN
CHESHIRE WEST AND CHESTER,CREWE
CEREDIGION,LLANRHYSTUD
BRIDGEND,PORTH
CORNWALL,FOWEY
CORNWALL,CAMELFORD
EAST SUSSEX,BURGESS HILL
EAST SUSSEX,HAYWARDS HEATH
WORCESTERSHIRE,ALCESTER
HERTFORDSHIRE,SAWBRIDGEWORTH
HERTFORDSHIRE,HERTFORD
HERTFORDSHIRE,KNEBWORTH
WINDSOR AND MAIDENHEAD,SLOUGH
BRACKNELL FOREST,SANDHURST
WOKINGHAM,CROWTHORNE
BRACKNELL FOREST,WINDSOR
BUCKINGHAMSHIRE,MAIDENHEAD
STOCKTON-ON-TEES,MIDDLESBROUGH
BUCKINGHAMSHIRE,BRACKLEY
CHESHIRE EAST,ALDERLEY EDGE
CHESHIRE WEST AND CHESTER,KNUTSFORD
HALTON,WARRINGTON
WESTMORLAND AND FURNESS,KIRKBY STEPHEN
WESTMORLAND AND FURNESS,WINDERMERE
WESTMORLAND AND FURNESS,ALSTON
GWYNEDD,GARNDOLBENMAEN
FLINTSHIRE,WREXHAM
ISLE OF ANGLESEY,TYN-Y-GONGL
DARLINGTON,STOCKTON-ON-TEES
CHESHIRE WEST AND CHESTER,MALPAS
DEVON,WINKLEIGH
CORNWALL,CALSTOCK
CORNWALL,HOLSWORTHY
CORNWALL,PADSTOW
CORNWALL,PORT ISAAC
CORNWALL,PERRANPORTH
CORNWALL,ST AGNES
HEREFORDSHIRE,MONMOUTH
BRACKNELL FOREST,CROWTHORNE
WINDSOR AND MAIDENHEAD,ASCOT
WINDSOR AND MAIDENHEAD,STAINES-UPON-THAMES
CHESHIRE EAST,TARPORLEY
MONMOUTHSHIRE,CWMBRAN
CEREDIGION,YSTRAD MEURIG
HALTON,LIVERPOOL
ESSEX,LONDON
HERTFORDSHIRE,KINGS LANGLEY
WOKINGHAM,HENLEY-ON-THAMES
HARTLEPOOL,BILLINGHAM
POWYS,SHREWSBURY
SURREY,WEST MOLESEY
SURREY,SHEPPERTON
CHESHIRE EAST,WINSFORD
CHESHIRE WEST AND CHESTER,MIDDLEWICH
DEVON,PAIGNTON
SURREY,COULSDON
CORNWALL,LOSTWITHIEL
HERTFORDSHIRE,ABBOTS LANGLEY
BUCKINGHAMSHIRE,TRING
CHESHIRE EAST,WHITCHURCH
CEREDIGION,LLANON
"BOURNEMOUTH, CHRISTCHURCH AND POOLE",WIMBORNE
ESSEX,CAMBRIDGE
HERTFORDSHIRE,BUNTINGFORD
DORSET,CHARD
CAERPHILLY,TREHARRIS
GWYNEDD,PENRHYNDEUDRAETH
POWYS,CAERSWS
HERTFORDSHIRE,MUCH HADHAM
EAST SUSSEX,BRIGHTON
CEREDIGION,MACHYNLLETH
GWYNEDD,LLANBEDR
ISLE OF ANGLESEY,GAERWEN
GLOUCESTERSHIRE,LONGHOPE
GLOUCESTERSHIRE,CHEPSTOW
THURROCK,BASILDON
GLOUCESTERSHIRE,BURFORD
SUFFOLK,BURES
SHROPSHIRE,WELSHPOOL
CHESHIRE WEST AND CHESTER,WHITCHURCH
SURREY,BETCHWORTH
SURREY,BAGSHOT
WESTMORLAND AND FURNESS,APPLEBY-IN-WESTMORLAND
GWYNEDD,ARTHOG
ISLE OF ANGLESEY,BODORGAN
WINDSOR AND MAIDENHEAD,READING
ISLE OF ANGLESEY,LLANNERCH-Y-MEDD
DENBIGHSHIRE,ST ASAPH
SHROPSHIRE,SHIFNAL
SHROPSHIRE,BUCKNELL
SHROPSHIRE,CHURCH STRETTON
CUMBERLAND,RAVENGLASS
CUMBERLAND,CLEATOR
PEMBROKESHIRE,CLYNDERWEN
BEDFORD,LUTON
WEST SUSSEX,PETERSFIELD
SURREY,WESTERHAM
SURREY,SURBITON
SURREY,WORCESTER PARK
SURREY,WHYTELEAFE
SURREY,CRAWLEY
SHROPSHIRE,BISHOPS CASTLE
SOMERSET,WINSCOMBE
SOMERSET,WEDMORE
CEREDIGION,LLANYBYDDER
DEVON,LYME REGIS
SURREY,LIGHTWATER
NORFOLK,BECCLES
GREATER LONDON,EAST MOLESEY
SHROPSHIRE,KIDDERMINSTER
NORTH NORTHAMPTONSHIRE,STAMFORD
NORTH NORTHAMPTONSHIRE,MARKET HARBOROUGH
CORNWALL,MARAZION
GREATER LONDON,SEVENOAKS
SHROPSHIRE,LLANYMYNECH
GREATER LONDON,WARLINGHAM
BRACKNELL FOREST,WOKINGHAM
WREKIN,SHREWSBURY
WESTMORLAND AND FURNESS,MILNTHORPE
CONWY,LLANDUDNO JUNCTION
SOUTH YORKSHIRE,GOOLE
CUMBERLAND,BECKERMET
CONWY,CORWEN
ISLE OF ANGLESEY,PENTRAETH
ISLE OF ANGLESEY,DULAS
CONWY,DENBIGH
DEVON,LAUNCESTON
DEVON,BRIXHAM
WESTMORLAND AND FURNESS,BROUGHTON-IN-FURNESS
GWYNEDD,LLWYNGWRIL
CEREDIGION,NEWCASTLE EMLYN
GWYNEDD,BALA
GWYNEDD,TALSARNAU
NEATH PORT TALBOT,BRIDGEND
NEWPORT,CALDICOT
BLAENAU GWENT,NEWPORT
CUMBERLAND,HOLMROOK
CEREDIGION,LLANARTH
CARMARTHENSHIRE,CLYNDERWEN
CAERPHILLY,ABERTILLERY
WESTMORLAND AND FURNESS,CARLISLE
CUMBERLAND,ST BEES
NEATH PORT TALBOT,AMMANFORD
DENBIGHSHIRE,LLANGOLLEN
CARMARTHENSHIRE,LLANDOVERY
ISLE OF ANGLESEY,MOELFRE
GREATER LONDON,WHYTELEAFE
NORTH YORKSHIRE,ILKLEY
NORTH YORKSHIRE,SALTBURN-BY-THE-SEA
DEVON,BEAWORTHY
DEVON,CHULMLEIGH
BEDFORD,LEIGHTON BUZZARD
SLOUGH,MAIDENHEAD
GWYNEDD,CORWEN
ISLE OF ANGLESEY,CEMAES BAY
MONMOUTHSHIRE,NEWPORT
WINDSOR AND MAIDENHEAD,MARLOW
DEVON,WELLINGTON
BEDFORD,HITCHIN
BUCKINGHAMSHIRE,RICKMANSWORTH
DEVON,SALCOMBE
GREATER LONDON,RICKMANSWORTH
CEREDIGION,BOW STREET
MILTON KEYNES,BEDFORD
DORSET,CREWKERNE
COUNTY DURHAM,ROWLANDS GILL
WESTMORLAND AND FURNESS,CONISTON
GWYNEDD,LLANFAIRFECHAN
DORSET,YEOVIL
WEST MIDLANDS,KENILWORTH
GWYNEDD,TALYBONT
WORCESTERSHIRE,STUDLEY
WORCESTERSHIRE,SOLIHULL
WORCESTERSHIRE,HALESOWEN
POWYS,LLANBRYNMAIR
SOUTH GLOUCESTERSHIRE,BERKELEY
WEST BERKSHIRE,TADLEY
KENT,EDENBRIDGE
SHROPSHIRE,WREXHAM
SOMERSET,DULVERTON
KENT,QUEENBOROUGH
SHROPSHIRE,TENBURY WELLS
HAMPSHIRE,ROWLAND'S CASTLE
SURREY,EDENBRIDGE
NORTHUMBERLAND,STOCKSFIELD
NORTHUMBERLAND,CORBRIDGE
SHROPSHIRE,BEWDLEY
SHROPSHIRE,MONTGOMERY
NORTHUMBERLAND,BELFORD
NORTHUMBERLAND,CORNHILL-ON-TWEED
GLOUCESTERSHIRE,BROADWAY
GLOUCESTERSHIRE,BLAKENEY
GREATER LONDON,CATERHAM
OXFORDSHIRE,BUCKINGHAM
SUFFOLK,HARLESTON
GLOUCESTERSHIRE,ROSS-ON-WYE
NORTH YORKSHIRE,DRIFFIELD
NORTH YORKSHIRE,DARLINGTON
SHROPSHIRE,KNIGHTON
SHROPSHIRE,LONDON
LANCASHIRE,SKIPTON
SHROPSHIRE,NEWPORT
SURREY,FELTHAM
SUFFOLK,GREAT YARMOUTH
LINCOLNSHIRE,NEWARK
NORTHUMBERLAND,BAMBURGH
SURREY,HORSHAM
ESSEX,STANFORD-LE-HOPE
ESSEX,BURES
NORTHUMBERLAND,MINDRUM
LEICESTERSHIRE,ATHERSTONE
NORTH YORKSHIRE,PONTEFRACT
LINCOLNSHIRE,BARNETBY
HAMPSHIRE,HASLEMERE
LINCOLNSHIRE,WISBECH
MERSEYSIDE,ELLESMERE PORT
SOMERSET,MONTACUTE
GREATER LONDON,WALTHAM CROSS
STAFFORDSHIRE,SHIFNAL
WEST MIDLANDS,BURTON-ON-TRENT
NORTH YORKSHIRE,DONCASTER
CITY OF KINGSTON UPON HULL,HESSLE
HERTFORDSHIRE,BARNET
BLACKPOOL,POULTON-LE-FYLDE
HAMPSHIRE,TIDWORTH
KENT,ORPINGTON
KENT,WADHURST
NORTH LINCOLNSHIRE,ULCEBY
HAMPSHIRE,SALISBURY
ISLE OF WIGHT,SEAVIEW
LANCASHIRE,LIVERPOOL
EAST SUSSEX,EDENBRIDGE
GLOUCESTERSHIRE,EVESHAM
HAMPSHIRE,READING
LANCASHIRE,BURY
NORTH LINCOLNSHIRE,MARKET RASEN
GLOUCESTERSHIRE,LEDBURY
GREATER MANCHESTER,LYMM
NORTH LINCOLNSHIRE,BARNETBY
GLOUCESTERSHIRE,MALVERN
HERTFORDSHIRE,HARLOW
KENT,GILLINGHAM
RUTLAND,MARKET HARBOROUGH
POWYS,LLANGAMMARCH WELLS
FLINTSHIRE,RHYL
POWYS,PRESTEIGNE
EAST SUSSEX,EAST GRINSTEAD
LINCOLNSHIRE,SCUNTHORPE
ESSEX,ROYSTON
SOUTH GLOUCESTERSHIRE,BADMINTON
GLOUCESTERSHIRE,CHIPPING NORTON
ESSEX,HODDESDON
DORSET,BROADSTONE
WILTSHIRE,TETBURY
WREXHAM,MALPAS
ISLE OF ANGLESEY,TY CROES
CARMARTHENSHIRE,LLANGADOG
TORBAY,NEWTON ABBOT
WARWICKSHIRE,REDDITCH
CHESHIRE EAST,NESTON
GLOUCESTERSHIRE,BADMINTON
POWYS,LLANWRTYD WELLS
WORCESTERSHIRE,GLOUCESTER
ISLES OF SCILLY,ISLES OF SCILLY
SURREY,STAINES
DENBIGHSHIRE,MOLD
CARDIFF,PENARTH
HEREFORDSHIRE,PRESTEIGNE
LEICESTER,LUTTERWORTH
KENT,STRATFORD-UPON-AVON
POWYS,LLANDINAM
POWYS,LLANFECHAIN
HEREFORDSHIRE,CRAVEN ARMS
HEREFORDSHIRE,TENBURY WELLS
WESTMORLAND AND FURNESS,WIGTON
HERTFORDSHIRE,LUTON
HALTON,NORTHWICH
HERTFORDSHIRE,WALTHAM ABBEY
COUNTY DURHAM,WASHINGTON
GREATER MANCHESTER,CLITHEROE
SOMERSET,LYNTON
CHESHIRE WEST AND CHESTER,RUNCORN
LINCOLNSHIRE,BRIGG
CHESHIRE EAST,MALPAS
THE VALE OF GLAMORGAN,PONTYCLUN
PEMBROKESHIRE,LLANFYRNACH
LANCASHIRE,BOLTON
CARMARTHENSHIRE,LLANYBYDDER
WARWICKSHIRE,MORETON-IN-MARSH
POWYS,KINGTON
CHESHIRE EAST,HIGH PEAK
BUCKINGHAMSHIRE,THAME
PORTSMOUTH,WATERLOOVILLE
WOKINGHAM,BRACKNELL
NOTTINGHAMSHIRE,ALFRETON
CUMBERLAND,NEWCASTLETON
NORTH NORTHAMPTONSHIRE,OAKHAM
ISLE OF ANGLESEY,PENYSARN
DERBYSHIRE,UTTOXETER
CEREDIGION,PENCADER
ISLE OF ANGLESEY,LLANBEDRGOCH
DEVON,DULVERTON
CONWY,DOLWYDDELAN
PEMBROKESHIRE,CLARBESTON ROAD
CUMBERLAND,BROUGHTON-IN-FURNESS
SWANSEA,AMMANFORD
MILTON KEYNES,HIGH WYCOMBE
BEDFORD,SHEFFORD
LEICESTERSHIRE,OAKHAM
CAERPHILLY,CARDIFF
WEST SUSSEX,LIPHOOK
ISLE OF ANGLESEY,MARIANGLAS
BUCKINGHAMSHIRE,WINDSOR
CARMARTHENSHIRE,LAMPETER
SURREY,ASCOT
"BOURNEMOUTH, CHRISTCHURCH AND POOLE",VERWOOD
CONWY,ST ASAPH
NORTHUMBERLAND,CONSETT
HEREFORDSHIRE,BUCKNELL
STAFFORDSHIRE,MACCLESFIELD
DORSET,CHRISTCHURCH
RUTLAND,LEICESTER
CHESHIRE EAST,LYMM
CAMBRIDGESHIRE,BALDOCK
HERTFORDSHIRE,UXBRIDGE
POWYS,ABERDARE
HEREFORDSHIRE,NEWENT
WORCESTERSHIRE,BROMYARD
WEST SUSSEX,ROWLAND'S CASTLE
CARDIFF,CAERPHILLY
HERTFORDSHIRE,HENLOW
TYNE AND WEAR,WYLAM
MERSEYSIDE,NESTON
WILTSHIRE,HUNGERFORD
WORCESTERSHIRE,LUDLOW
CARDIFF,BRIDGEND
NORTH EAST LINCOLNSHIRE,DONCASTER
NORTH YORKSHIRE,SEDBERGH
SLOUGH,IVER
STAFFORDSHIRE,CONGLETON
DENBIGHSHIRE,WREXHAM
SWINDON,MARLBOROUGH
WESTMORLAND AND FURNESS,BRAMPTON
RHONDDA CYNON TAFF,BRIDGEND
WEST BERKSHIRE,WANTAGE
WOKINGHAM,HOOK
ISLE OF ANGLESEY,RHOSGOCH
GREATER LONDON,ASHFORD
CAMBRIDGESHIRE,FAVERSHAM
SURREY,RIPLEY
CHESHIRE WEST AND CHESTER,WIDNES
OXFORDSHIRE,BRACKLEY
CARDIFF,PONTYCLUN
DENBIGHSHIRE,ABERGELE
LINCOLNSHIRE,HADDINGTON
SUFFOLK,ELY
HEREFORDSHIRE,DYMOCK
WEST SUSSEX,GODALMING
WORCESTERSHIRE,LEDBURY
DERBYSHIRE,ASHBY-DE-LA-ZOUCH
MILTON KEYNES,MARLOW
