town,town_median
ABBOTS LANGLEY,441169.0
ABERAERON,243750.0
ABERDARE,155000.0
ABERDOVEY,280000.0
ABERGAVENNY,310000.0
ABERGELE,210000.0
ABERTILLERY,135000.0
ABERYSTWYTH,215000.0
ABINGDON,410750.0
ACCRINGTON,136000.0
ADDLESTONE,440000.0
ALCESTER,329000.0
ALDEBURGH,550000.0
ALDERLEY EDGE,530000.0
ALDERSHOT,368250.0
ALFORD,230000.0
ALFRETON,202750.0
ALNWICK,285000.0
ALRESFORD,570000.0
ALSTON,190000.0
ALTON,450000.0
ALTRINCHAM,450000.0
AMBLESIDE,472500.0
AMERSHAM,710000.0
AMLWCH,198475.0
AMMANFORD,180000.0
ANDOVER,320000.0
APPLEBY-IN-WESTMORLAND,235000.0
ARLESEY,330000.0
ARTHOG,160000.0
ARUNDEL,387500.0
ASCOT,630000.0
ASHBOURNE,350000.0
ASHBY-DE-LA-ZOUCH,315000.0
ASHFORD,355000.0
ASHINGTON,144000.0
ASHTEAD,703500.0
ASHTON-UNDER-LYNE,200500.0
ASKAM-IN-FURNESS,230000.0
ATHERSTONE,263500.0
ATTLEBOROUGH,292500.0
AXBRIDGE,345000.0
AXMINSTER,293500.0
AYLESBURY,385000.0
AYLESFORD,385000.0
BACUP,165000.0
BADMINTON,480000.0
BAGILLT,182500.0
BAGSHOT,435000.0
BAKEWELL,375000.0
BALA,152000.0
BALDOCK,352500.0
BAMBURGH,625000.0
BAMPTON,459375.0
BANBURY,340000.0
BANGOR,180000.0
BANSTEAD,635000.0
BANWELL,315000.0
BARGOED,140000.0
BARKING,362250.0
BARMOUTH,212500.0
BARNARD CASTLE,250000.0
BARNET,621500.0
BARNETBY,220000.0
BARNOLDSWICK,155500.0
BARNSLEY,177000.0
BARNSTAPLE,285000.0
BARROW-IN-FURNESS,155000.0
BARROW-UPON-HUMBER,229644.0
BARRY,233000.0
BARTON-UPON-HUMBER,190000.0
BASILDON,330000.0
BASINGSTOKE,350000.0
BATH,445000.0
BATLEY,180000.0
BATTLE,419500.0
BEACONSFIELD,970000.0
BEAMINSTER,350000.0
BEAUMARIS,295000.0
BEAWORTHY,294975.0
BECCLES,282000.0
BECKENHAM,550000.0
BECKERMET,285000.0
BEDALE,289995.0
BEDFORD,357000.0
BEDLINGTON,166245.5
BEDWORTH,240000.0
BELFORD,250000.0
BELPER,265000.0
BELVEDERE,370000.0
BEMBRIDGE,435000.0
BENFLEET,395000.0
BERKELEY,325000.0
BERKHAMSTED,625000.0
BERWICK-UPON-TWEED,193500.0
BETCHWORTH,635000.0
BETWS-Y-COED,184250.0
BEVERLEY,260000.0
BEWDLEY,305000.0
BEXHILL-ON-SEA,310000.0
BEXLEY,524250.0
BEXLEYHEATH,470000.0
BICESTER,375000.0
BIDEFORD,275000.0
BIGGLESWADE,350000.0
BILLERICAY,497500.0
BILLINGHAM,169500.0
BILLINGSHURST,450000.0
BILSTON,205000.0
BINGLEY,223500.0
BIRCHINGTON,324000.0
BIRKENHEAD,140000.0
BIRMINGHAM,233500.0
BISHOP AUCKLAND,130000.0
BISHOP'S STORTFORD,445000.0
BISHOPS CASTLE,300000.0
BLACKBURN,175000.0
BLACKPOOL,137000.0
BLACKWOOD,200000.0
BLAENAU FFESTINIOG,128750.0
BLAKENEY,287800.0
BLANDFORD FORUM,350000.0
BLAYDON-ON-TYNE,160000.0
BLYTH,150000.0
BODMIN,250000.0
BODORGAN,267500.0
BOGNOR REGIS,328500.0
BOLDON COLLIERY,146084.5
BOLTON,210000.0
BONCATH,270000.0
BOOTLE,150000.0
BORDON,349950.0
BOREHAMWOOD,452500.0
BORTH,251500.0
BOSCASTLE,282500.0
BOSTON,215000.0
BOURNE,250000.0
BOURNE END,565000.0
BOURNEMOUTH,308000.0
BOW STREET,220000.0
BRACKLEY,340000.0
BRACKNELL,402000.0
BRADFORD,167500.0
BRADFORD-ON-AVON,425000.0
BRAINTREE,332000.0
BRAMPTON,250000.0
BRANDON,237500.0
BRAUNTON,397250.0
BRECON,280000.0
BRENTFORD,460750.0
BRENTWOOD,485000.0
BRIDGEND,218375.0
BRIDGNORTH,272250.0
BRIDGWATER,260000.0
BRIDLINGTON,184000.0
BRIDPORT,370000.0
BRIERLEY HILL,205000.0
BRIGG,215000.0
BRIGHOUSE,200000.0
BRIGHTON,410000.0
BRISTOL,350000.0
BRIXHAM,300000.0
BROADSTAIRS,370000.0
BROADSTONE,500000.0
BROADWAY,477500.0
BROCKENHURST,827500.0
BROMLEY,500000.0
BROMSGROVE,317000.0
BROMYARD,271500.0
BROSELEY,241500.0
BROUGH,248750.0
BROUGHTON-IN-FURNESS,280000.0
BROXBOURNE,465000.0
BRUTON,382500.0
BRYNTEG,258000.0
BUCKFASTLEIGH,245000.0
BUCKHURST HILL,595000.0
BUCKINGHAM,390000.0
BUCKLEY,203500.0
BUCKNELL,258750.0
BUDE,355000.0
BUDLEIGH SALTERTON,450000.0
BUILTH WELLS,260000.0
BUNGAY,275000.0
BUNTINGFORD,455000.0
BURES,426250.0
BURFORD,647500.0
BURGESS HILL,400000.0
BURNHAM-ON-CROUCH,355000.0
BURNHAM-ON-SEA,275500.0
BURNLEY,142000.0
BURNTWOOD,256000.0
BURRY PORT,185000.0
BURTON-ON-TRENT,235000.0
BURY,242500.0
BURY ST EDMUNDS,310000.0
BUSHEY,550000.0
BUXTON,250000.0
CAERNARFON,195000.0
CAERPHILLY,225000.0
CAERSWS,211250.0
CALDICOT,299995.0
CALLINGTON,267500.0
CALNE,280000.0
CALSTOCK,310000.0
CAMBERLEY,445000.0
CAMBORNE,220000.0
CAMBRIDGE,453500.0
CAMELFORD,264500.0
CANNOCK,230000.0
CANTERBURY,325000.0
CANVEY ISLAND,315000.0
CARDIFF,270000.0
CARDIGAN,233750.0
CARLISLE,175000.0
CARMARTHEN,240000.0
CARNFORTH,273500.0
CARSHALTON,450000.0
CARTERTON,330000.0
CASTLE CARY,270000.0
CASTLEFORD,185785.0
CATERHAM,475000.0
CATTERICK GARRISON,182000.0
CEMAES BAY,227000.0
CHALFONT ST GILES,795000.0
CHARD,253750.0
CHATHAM,295000.0
CHATHILL,348500.0
CHATTERIS,235000.0
CHEADLE,366057.0
CHEDDAR,362000.0
CHELMSFORD,410000.0
CHELTENHAM,350000.0
CHEPSTOW,315000.0
CHERTSEY,459975.0
CHESHAM,435000.0
CHESSINGTON,480000.0
CHESTER,270000.0
CHESTER LE STREET,172000.0
CHESTERFIELD,208625.0
CHICHESTER,390000.0
CHIGWELL,500000.0
CHINNOR,462000.0
CHIPPENHAM,320000.0
CHIPPING CAMPDEN,540000.0
CHIPPING NORTON,495000.0
CHISLEHURST,650000.0
CHOPPINGTON,140000.0
CHORLEY,215000.0
CHRISTCHURCH,420000.0
CHULMLEIGH,303000.0
CHURCH STRETTON,390000.0
CINDERFORD,215000.0
CIRENCESTER,395000.0
CLACTON-ON-SEA,250000.0
CLARBESTON ROAD,290000.0
CLEATOR,145000.0
CLEATOR MOOR,117500.0
CLECKHEATON,215000.0
CLEETHORPES,160000.0
CLEVEDON,349950.0
CLITHEROE,285000.0
CLYNDERWEN,236000.0
COALVILLE,254472.5
COBHAM,889975.0
COCKERMOUTH,250000.0
COLCHESTER,337000.0
COLEFORD,267000.0
COLNE,160000.0
COLWYN BAY,220000.0
COLYTON,455000.0
CONGLETON,300000.0
CONISTON,432500.0
CONSETT,145000.0
CONWY,255000.0
CORBRIDGE,430500.0
CORBY,232750.0
CORNHILL-ON-TWEED,208350.0
CORSHAM,380000.0
CORWEN,199975.0
COTTINGHAM,245000.0
COULSDON,535000.0
COVENTRY,237000.0
COWBRIDGE,475000.0
COWES,288000.0
CRADLEY HEATH,220000.0
CRAMLINGTON,185000.0
CRANBROOK,440000.0
CRANLEIGH,579475.0
CRAVEN ARMS,350000.0
CRAWLEY,365000.0
CREDITON,280000.0
CREWE,228000.0
CREWKERNE,250000.0
CRICCIETH,257500.0
CRICKHOWELL,465000.0
CROMER,300000.0
CROOK,122750.0
CROWBOROUGH,440000.0
CROWTHORNE,500100.0
CROYDON,385000.0
CRYMYCH,198000.0
CULLOMPTON,305250.0
CWMBRAN,210500.0
DAGENHAM,380000.0
DALTON-IN-FURNESS,155000.0
DARLINGTON,177500.0
DARTFORD,380000.0
DARTMOUTH,367500.0
DARWEN,160000.0
DAVENTRY,275000.0
DAWLISH,280000.0
DEAL,300300.5
DEESIDE,210000.0
DELABOLE,260000.0
DENBIGH,207500.0
DERBY,245000.0
DEREHAM,280000.0
DEVIZES,312000.0
DEWSBURY,180000.0
DIDCOT,380000.0
DINAS POWYS,350000.0
DISS,320000.0
DOLGELLAU,200000.0
DOLWYDDELAN,244975.0
DONCASTER,185000.0
DORCHESTER,348000.0
DORKING,490000.0
DOVER,274500.0
DOWNHAM MARKET,267500.0
DRIFFIELD,222500.0
DROITWICH,300000.0
DRONFIELD,295000.0
DRYBROOK,301750.0
DUDLEY,225000.0
DUKINFIELD,207000.0
DULAS,270000.0
DULVERTON,270000.0
DUNMOW,460000.0
DUNSTABLE,356415.0
DURHAM,168000.0
DURSLEY,305000.0
DYFFRYN ARDUDWY,244975.0
DYMOCK,411250.0
EAST BOLDON,249995.0
EAST COWES,225000.0
EAST GRINSTEAD,445000.0
EAST MOLESEY,785000.0
EASTBOURNE,283000.0
EASTLEIGH,350000.0
EBBW VALE,147000.0
EDENBRIDGE,456250.0
EDGWARE,535000.0
EGHAM,475000.0
EGREMONT,137000.0
ELLAND,195000.0
ELLESMERE,241000.0
ELLESMERE PORT,205000.0
ELY,329650.0
EMSWORTH,399999.0
ENFIELD,470000.0
EPPING,565000.0
EPSOM,545000.0
ERITH,365000.0
ESHER,912500.0
ETCHINGHAM,475000.0
EVESHAM,301000.0
EXETER,307500.0
EXMOUTH,325000.0
EYE,384100.0
FAIRBOURNE,137250.0
FAIRFORD,400000.0
FAKENHAM,270000.0
FALMOUTH,355000.0
FAREHAM,332750.0
FARINGDON,364000.0
FARNBOROUGH,365000.0
FARNHAM,510000.0
FAVERSHAM,350000.0
FELIXSTOWE,295000.0
FELTHAM,435000.0
FERNDALE,94000.0
FERNDOWN,410000.0
FERRYHILL,106000.0
FERRYSIDE,276000.0
FILEY,195000.0
FISHGUARD,220000.0
FLEET,475750.0
FLEETWOOD,135000.0
FLINT,170000.0
FOLKESTONE,305000.0
FORDINGBRIDGE,391500.0
FOREST ROW,455000.0
FOWEY,430000.0
FRESHWATER,295000.0
FRINTON-ON-SEA,333747.5
FRIZINGTON,121825.0
FRODSHAM,315000.0
FROME,340000.0
GAERWEN,195000.0
GAINSBOROUGH,175000.0
GARNDOLBENMAEN,172500.0
GATESHEAD,155000.0
GERRARDS CROSS,860000.0
GILLINGHAM,315000.0
GLASTONBURY,282500.0
GLOGUE,195000.0
GLOSSOP,252500.0
GLOUCESTER,278000.0
GODALMING,550000.0
GODSTONE,450000.0
GOODWICK,163250.0
GOOLE,210000.0
GOSPORT,245000.0
GRANGE-OVER-SANDS,265000.0
GRANTHAM,235000.0
GRAVESEND,370000.0
GRAYS,360000.0
GREAT MISSENDEN,617500.0
GREAT YARMOUTH,225000.0
GREENFORD,504100.0
GREENHITHE,340000.0
GRIMSBY,170000.0
GUILDFORD,516500.0
GUISBOROUGH,190000.0
GUNNISLAKE,276750.0
HADDINGTON,295000.0
HAILSHAM,322500.0
HALESOWEN,257750.0
HALESWORTH,295000.0
HALIFAX,185000.0
HALSTEAD,339497.5
HALTWHISTLE,160000.0
HAMPTON,615000.0
HARLECH,242500.0
HARLESTON,275000.0
HARLOW,340000.0
HARPENDEN,794325.0
HARROGATE,323000.0
HARROW,524000.0
HARTFIELD,660000.0
HARTLEPOOL,146500.0
HARWICH,247500.0
HASLEMERE,550000.0
HASSOCKS,550000.0
HASTINGS,309065.0
HATFIELD,410000.0
HAVANT,275000.0
HAVERFORDWEST,230000.0
HAVERHILL,285000.0
HAWES,225000.0
HAYES,471500.0
HAYLE,293750.0
HAYLING ISLAND,350000.0
HAYWARDS HEATH,458500.0
HEANOR,200000.0
HEATHFIELD,386500.0
HEBBURN,175000.0
HEBDEN BRIDGE,255000.0
HECKMONDWIKE,170000.0
HELSTON,300000.0
HEMEL HEMPSTEAD,417500.0
HENFIELD,555000.0
HENGOED,204500.0
HENLEY-IN-ARDEN,445000.0
HENLEY-ON-THAMES,735000.0
HENLOW,357500.0
HEREFORD,280000.0
HERNE BAY,331905.0
HERTFORD,450000.0
HESSLE,200000.0
HEXHAM,275000.0
HEYWOOD,190000.0
HIGH PEAK,280000.0
HIGH WYCOMBE,430000.0
HIGHBRIDGE,265000.0
HINCKLEY,262500.0
HINDHEAD,667000.0
HINTON ST GEORGE,725000.0
HITCHIN,470000.0
HOCKLEY,440000.0
HODDESDON,420000.0
HOLMFIRTH,278000.0
HOLMROOK,261250.0
HOLSWORTHY,305000.0
HOLT,365000.0
HOLYHEAD,200000.0
HOLYWELL,200000.0
HONITON,284000.0
HOOK,480000.0
HOPE VALLEY,397500.0
HORLEY,427250.0
HORNCASTLE,227247.5
HORNCHURCH,480000.0
HORNSEA,214500.0
HORSHAM,425000.0
HOUGHTON LE SPRING,152500.0
HOUNSLOW,451000.0
HOVE,445000.0
HUDDERSFIELD,210000.0
HULL,155000.0
HUNGERFORD,410000.0
HUNSTANTON,300000.0
HUNTINGDON,320000.0
HYDE,225000.0
HYTHE,361750.0
IBSTOCK,235000.0
ILFORD,500250.0
ILFRACOMBE,250000.0
ILKESTON,193750.0
ILKLEY,399950.0
ILMINSTER,285000.0
IMMINGHAM,150000.0
INGATESTONE,690000.0
IPSWICH,275000.0
ISLES OF SCILLY,555000.0
ISLEWORTH,500000.0
IVER,557500.0
IVYBRIDGE,307500.0
JARROW,158500.0
KEIGHLEY,200000.0
KENDAL,270000.0
KENILWORTH,415000.0
KENLEY,479000.0
KESTON,763750.0
KESWICK,350000.0
KETTERING,265000.0
KIDDERMINSTER,255000.0
KIDLINGTON,395001.0
KIDWELLY,185000.0
KILGETTY,270000.0
KING'S LYNN,265000.0
KINGS LANGLEY,575000.0
KINGSBRIDGE,416500.0
KINGSTON UPON THAMES,650000.0
KINGSWINFORD,280000.0
KINGTON,263500.0
KIRKBY STEPHEN,275000.0
KIRKBY-IN-FURNESS,248000.0
KNARESBOROUGH,350000.0
KNEBWORTH,465000.0
KNIGHTON,245000.0
KNOTTINGLEY,185000.0
KNUTSFORD,530500.0
LAMPETER,225000.0
LANCASTER,207750.0
LANCING,350000.0
LANGPORT,335000.0
LAUNCESTON,250000.0
LEAMINGTON SPA,340000.0
LEATHERHEAD,660000.0
LECHLADE,545000.0
LEDBURY,308000.0
LEE-ON-THE-SOLENT,369000.0
LEEDS,245000.0
LEEK,200000.0
LEICESTER,270000.0
LEIGH,182500.0
LEIGH-ON-SEA,406000.0
LEIGHTON BUZZARD,357500.0
LEISTON,248750.0
LEOMINSTER,275000.0
LETCHWORTH GARDEN CITY,387500.0
LEWES,485000.0
LEYBURN,300750.0
LEYLAND,222500.0
LICHFIELD,340000.0
LIFTON,315000.0
LIGHTWATER,525000.0
LINCOLN,230000.0
LINGFIELD,475000.0
LIPHOOK,450000.0
LISKEARD,235000.0
LISS,527500.0
LITTLEBOROUGH,225000.0
LITTLEHAMPTON,340500.0
LIVERPOOL,205000.0
LIVERSEDGE,210000.0
LLANARTH,214000.0
LLANBEDR,270000.0
LLANBEDRGOCH,204750.0
LLANBRYNMAIR,259125.0
LLANDEILO,285000.0
LLANDINAM,300000.0
LLANDOVERY,242500.0
LLANDRINDOD WELLS,235000.0
LLANDUDNO,235000.0
LLANDUDNO JUNCTION,191000.0
LLANDYSUL,245000.0
LLANELLI,173000.0
LLANFAIRFECHAN,170000.0
LLANFAIRPWLLGWYNGYLL,250000.0
LLANFECHAIN,317500.0
LLANFYLLIN,154000.0
LLANFYRNACH,225051.0
LLANGADOG,215000.0
LLANGAMMARCH WELLS,215000.0
LLANGEFNI,215000.0
LLANGOLLEN,240000.0
LLANIDLOES,230000.0
LLANNERCH-Y-MEDD,164975.0
LLANON,219000.0
LLANRHYSTUD,192500.0
LLANRWST,200000.0
LLANSANTFFRAID,340000.0
LLANTWIT MAJOR,276999.5
LLANWRDA,259000.0
LLANWRTYD WELLS,365000.0
LLANYBYDDER,220000.0
LLANYMYNECH,250500.0
LLWYNGWRIL,168000.0
LONDON,574000.0
LONGFIELD,473500.0
LONGHOPE,400000.0
LOOE,290000.0
LOSTWITHIEL,295000.0
LOUGHBOROUGH,271250.0
LOUGHTON,515000.0
LOUTH,230000.0
LOWESTOFT,220000.0
LUDLOW,275000.0
LUTON,320000.0
LUTTERWORTH,350000.0
LYDBROOK,349975.0
LYDBURY NORTH,381750.0
LYDNEY,275000.0
LYME REGIS,495000.0
LYMINGTON,482000.0
LYMM,360000.0
LYNDHURST,442500.0
LYNTON,292500.0
LYTHAM ST ANNES,255000.0
MABLETHORPE,193750.0
MACCLESFIELD,300000.0
MACHYNLLETH,180000.0
MAESTEG,140000.0
MAIDENHEAD,515000.0
MAIDSTONE,365000.0
MALDON,370000.0
MALMESBURY,395000.0
MALPAS,390000.0
MALTON,245000.0
MALVERN,315000.0
MANCHESTER,250000.0
MANNINGTREE,360000.0
MANSFIELD,190000.0
MARAZION,300000.0
MARCH,240000.0
MARGATE,275000.0
MARIANGLAS,420000.0
MARKET DRAYTON,280000.0
MARKET HARBOROUGH,335000.0
MARKET RASEN,242500.0
MARKFIELD,270000.0
MARLBOROUGH,445000.0
MARLOW,650000.0
MARTOCK,281000.0
MARYPORT,150000.0
MATLOCK,295000.0
MAYFIELD,525000.0
MEIFOD,313500.0
MELKSHAM,298000.0
MELTON CONSTABLE,287500.0
MELTON MOWBRAY,268000.0
MENAI BRIDGE,242500.0
MERRIOTT,260000.0
MERTHYR TYDFIL,145000.0
MEXBOROUGH,161000.0
MIDDLESBROUGH,162000.0
MIDDLEWICH,225500.0
MIDHURST,457750.0
MILFORD HAVEN,170000.0
MILLOM,139995.0
MILNTHORPE,347000.0
MILTON KEYNES,350000.0
MINDRUM,360000.0
MINEHEAD,290800.0
MIRFIELD,245000.0
MITCHAM,445000.0
MITCHELDEAN,237500.0
MOELFRE,300000.0
MOLD,240000.0
MONMOUTH,335500.0
MONTACUTE,310000.0
MONTGOMERY,260000.0
MOOR ROW,95975.0
MORDEN,505000.0
MORECAMBE,185475.0
MORETON-IN-MARSH,450000.0
MORPETH,255950.0
MOUNTAIN ASH,124500.0
MUCH HADHAM,718750.0
MUCH WENLOCK,400000.0
NANTWICH,290000.0
NARBERTH,254280.0
NEATH,170000.0
NELSON,120000.0
NESTON,295000.0
NEW MALDEN,660500.0
NEW MILTON,390000.0
NEW QUAY,270000.0
NEW ROMNEY,350000.0
NEW TREDEGAR,109000.0
NEWARK,235000.0
NEWBIGGIN-BY-THE-SEA,136500.0
NEWBURY,395000.0
NEWCASTLE,200000.0
NEWCASTLE EMLYN,290000.0
NEWCASTLE UPON TYNE,210000.0
NEWCASTLETON,107500.0
NEWENT,270000.0
NEWHAVEN,298000.0
NEWMARKET,341000.0
NEWNHAM,330000.0
NEWPORT,230000.0
NEWPORT PAGNELL,350000.0
NEWQUAY,317750.0
NEWTON ABBOT,293250.0
NEWTON AYCLIFFE,160000.0
NEWTON-LE-WILLOWS,212500.0
NEWTOWN,216500.0
NORMANTON,200000.0
NORTH FERRIBY,350000.0
NORTH SHIELDS,232100.0
NORTH TAWTON,252500.0
NORTH WALSHAM,280000.0
NORTHALLERTON,250000.0
NORTHAMPTON,285000.0
NORTHOLT,425000.0
NORTHWICH,272000.0
NORTHWOOD,725000.0
NORWICH,282000.0
NOTTINGHAM,240000.0
NUNEATON,248000.0
OAKHAM,325000.0
OKEHAMPTON,290000.0
OLDBURY,225000.0
OLDHAM,212500.0
OLNEY,410000.0
ONGAR,499997.5
ORMSKIRK,280000.0
ORPINGTON,530000.0
OSSETT,225000.0
OSWESTRY,250000.0
OTLEY,305000.0
OTTERY ST MARY,356000.0
OXFORD,455594.5
OXTED,617500.0
PADSTOW,465000.0
PAIGNTON,261000.0
PAR,228500.0
PEACEHAVEN,340000.0
PEMBROKE,210000.0
PEMBROKE DOCK,170000.0
PENARTH,330000.0
PENCADER,177500.0
PENMAENMAWR,192500.0
PENRHYNDEUDRAETH,143500.0
PENRITH,247500.0
PENRYN,280000.0
PENTRAETH,193750.0
PENTRE,125000.0
PENYSARN,250000.0
PENZANCE,280000.0
PERRANPORTH,375000.0
PERSHORE,345000.0
PETERBOROUGH,252500.0
PETERLEE,89950.0
PETERSFIELD,440000.0
PETWORTH,615000.0
PEVENSEY,355000.0
PEWSEY,382000.0
PICKERING,285000.0
PINNER,695000.0
PLYMOUTH,232500.0
POLEGATE,325000.0
PONTEFRACT,192500.0
PONTYCLUN,252500.0
PONTYPOOL,182500.0
PONTYPRIDD,178000.0
POOLE,335000.0
PORT ISAAC,425000.0
PORT TALBOT,155600.0
PORTH,145000.0
PORTHCAWL,320000.0
PORTHMADOG,220000.0
PORTLAND,235000.0
PORTSMOUTH,257750.0
POTTERS BAR,630000.0
POULTON-LE-FYLDE,237995.0
PRENTON,210000.0
PRESCOT,219000.0
PRESTATYN,190500.0
PRESTEIGNE,318750.0
PRESTON,218000.0
PRINCES RISBOROUGH,507000.0
PRUDHOE,169000.0
PUDSEY,235000.0
PULBOROUGH,490000.0
PURFLEET-ON-THAMES,230000.0
PURLEY,531500.0
PWLLHELI,255000.0
QUEENBOROUGH,230000.0
RADLETT,835000.0
RADSTOCK,300000.0
RAINHAM,421000.0
RAMSGATE,269995.0
RAVENGLASS,215000.0
RAYLEIGH,420000.0
READING,411000.0
REDCAR,167250.0
REDDITCH,260000.0
REDHILL,432500.0
REDRUTH,252000.0
REIGATE,580000.0
RETFORD,210000.0
RHAYADER,180000.0
RHOSGOCH,72000.0
RHOSNEIGR,450000.0
RHYL,185000.0
RICHMOND,580000.0
RICKMANSWORTH,650000.0
RIDING MILL,650000.0
RINGWOOD,460000.0
RIPLEY,217000.0
RIPON,323750.0
ROBERTSBRIDGE,485000.0
ROCHDALE,198975.0
ROCHESTER,325000.0
ROCHFORD,368000.0
ROMFORD,432500.0
ROMNEY MARSH,299000.0
ROMSEY,400000.0
ROSS-ON-WYE,330000.0
ROSSENDALE,200000.0
ROTHERHAM,185000.0
ROWLAND'S CASTLE,600000.0
ROWLANDS GILL,209000.0
ROWLEY REGIS,207000.0
ROYSTON,415000.0
RUARDEAN,260000.0
RUGBY,300000.0
RUGELEY,235000.0
RUISLIP,560000.0
RUNCORN,182000.0
RUSHDEN,255000.0
RUTHIN,272500.0
RYDE,240000.0
RYE,405000.0
RYTON,185000.0
SAFFRON WALDEN,480000.0
SALCOMBE,735000.0
SALE,377000.0
SALFORD,230895.0
SALISBURY,340000.0
SALTASH,275497.5
SALTBURN-BY-THE-SEA,160000.0
SANDBACH,269000.0
SANDHURST,445000.0
SANDOWN,253750.0
SANDWICH,320000.0
SANDY,340000.0
SAUNDERSFOOT,287250.0
SAWBRIDGEWORTH,442500.0
SAXMUNDHAM,351500.0
SCARBOROUGH,185000.0
SCUNTHORPE,160000.0
SEAFORD,370000.0
SEAHAM,124974.5
SEAHOUSES,265000.0
SEASCALE,216350.0
SEATON,303343.5
SEAVIEW,412500.0
SEDBERGH,284995.0
SELBY,235000.0
SETTLE,293500.0
SEVENOAKS,612500.0
SHAFTESBURY,300000.0
SHANKLIN,252500.0
SHEERNESS,284000.0
SHEFFIELD,220000.0
SHEFFORD,390000.0
SHEPPERTON,520000.0
SHEPTON MALLET,295000.0
SHERBORNE,331250.0
SHERINGHAM,304750.0
SHIFNAL,280000.0
SHILDON,80000.0
SHIPLEY,226000.0
SHIPSTON-ON-STOUR,400000.0
SHOREHAM-BY-SEA,419000.0
SHREWSBURY,279000.0
SIDCUP,435000.0
SIDMOUTH,415000.0
SITTINGBOURNE,310000.0
SKEGNESS,189995.0
SKELMERSDALE,177250.0
SKIPTON,275000.0
SLEAFORD,227500.0
SLOUGH,422000.0
SMETHWICK,215000.0
SNODLAND,320000.0
SOLIHULL,362000.0
SOMERTON,348225.0
SOUTH BRENT,340000.0
SOUTH CROYDON,459724.5
SOUTH MOLTON,287500.0
SOUTH OCKENDON,355000.0
SOUTH PETHERTON,357000.0
SOUTH SHIELDS,156000.0
SOUTHALL,461500.0
SOUTHAM,335000.0
SOUTHAMPTON,310000.0
SOUTHEND-ON-SEA,330000.0
SOUTHMINSTER,352000.0
SOUTHPORT,220000.0
SOUTHSEA,258000.0
SOUTHWELL,405000.0
SOUTHWOLD,482500.0
SOWERBY BRIDGE,190000.0
SPALDING,232745.0
SPENNYMOOR,144000.0
SPILSBY,232000.0
ST AGNES,441500.0
ST ALBANS,577250.0
ST ASAPH,264750.0
ST AUSTELL,255000.0
ST BEES,190000.0
ST COLUMB,280000.0
ST HELENS,180000.0
ST IVES,325000.0
ST LEONARDS-ON-SEA,275000.0
ST NEOTS,325000.0
STAFFORD,269995.0
STAINES,220000.0
STAINES-UPON-THAMES,445000.0
STALYBRIDGE,210000.0
STAMFORD,325000.0
STANFORD-LE-HOPE,362500.0
STANLEY,115995.0
STANMORE,600000.0
STANSTED,445000.0
STEVENAGE,350000.0
STEYNING,445000.0
STOCKBRIDGE,600000.0
STOCKPORT,301000.0
STOCKSFIELD,240000.0
STOCKTON-ON-TEES,174000.0
STOKE-ON-TRENT,182000.0
STOKE-SUB-HAMDON,322500.0
STONE,249500.0
STONEHOUSE,330000.0
STOURBRIDGE,278000.0
STOURPORT-ON-SEVERN,258000.0
STOWMARKET,288147.5
STRATFORD-UPON-AVON,379875.0
STREET,267000.0
STROUD,357250.0
STUDLEY,302000.0
STURMINSTER NEWTON,322500.0
SUDBURY,325000.0
SUNBURY-ON-THAMES,495000.0
SUNDERLAND,160000.0
SURBITON,530000.0
SUTTON,465000.0
SUTTON COLDFIELD,367250.0
SUTTON-IN-ASHFIELD,185000.0
SWADLINCOTE,230000.0
SWAFFHAM,264995.0
SWANAGE,352000.0
SWANLEY,425000.0
SWANSCOMBE,325000.0
SWANSEA,205000.0
SWINDON,289000.0
TADCASTER,295000.0
TADLEY,400000.0
TADWORTH,550000.0
TALSARNAU,185000.0
TALYBONT,213750.0
TAMWORTH,255000.0
TARPORLEY,427000.0
TAUNTON,285000.0
TAVISTOCK,294750.0
TEDDINGTON,720000.0
TEIGNMOUTH,312500.0
TELFORD,221379.0
TEMPLECOMBE,300000.0
TENBURY WELLS,340000.0
TENBY,277500.0
TENTERDEN,450000.0
TETBURY,436000.0
TEWKESBURY,294500.0
THAME,460000.0
THAMES DITTON,800000.0
THATCHAM,384500.0
THETFORD,249500.0
THIRSK,273000.0
THORNTON HEATH,413250.0
THORNTON-CLEVELEYS,175000.0
TIDWORTH,277500.0
TILBURY,330000.0
TINTAGEL,400000.0
TIPTON,207000.0
TIVERTON,275000.0
TODMORDEN,175750.0
TONBRIDGE,437750.0
TONYPANDY,125000.0
TORPOINT,245000.0
TORQUAY,227750.0
TORRINGTON,249000.0
TOTLAND BAY,337500.0
TOTNES,407475.0
TOWCESTER,367000.0
TREDEGAR,140000.0
TREFRIW,149250.0
TREGARON,180000.0
TREHARRIS,151500.0
TREORCHY,125000.0
TRIMDON STATION,101250.0
TRING,557500.0
TROWBRIDGE,285000.0
TRURO,336000.0
TUNBRIDGE WELLS,441750.0
TWICKENHAM,655000.0
TY CROES,205000.0
TYN-Y-GONGL,279950.0
TYWYN,192500.0
UCKFIELD,420000.0
ULCEBY,203750.0
ULVERSTON,262500.0
UMBERLEIGH,371000.0
UPMINSTER,585000.0
USK,374650.0
UTTOXETER,270000.0
UXBRIDGE,505000.0
VENTNOR,286250.0
VERWOOD,400000.0
VIRGINIA WATER,850000.0
WADEBRIDGE,350000.0
WADHURST,463750.0
WAKEFIELD,235000.0
WALLASEY,180000.0
WALLINGFORD,450000.0
WALLINGTON,420000.0
WALLSEND,159950.0
WALSALL,227000.0
WALSINGHAM,297500.0
WALTHAM ABBEY,402000.0
WALTHAM CROSS,440000.0
WALTON ON THE NAZE,253250.0
WALTON-ON-THAMES,550000.0
WANTAGE,365000.0
WARE,445000.0
WAREHAM,370000.0
WARLINGHAM,560000.0
WARMINSTER,310000.0
WARRINGTON,250000.0
WARWICK,357296.0
WASHINGTON,160000.0
WATCHET,255000.0
WATERLOOVILLE,350000.0
WATFORD,435000.0
WATLINGTON,450000.0
WEDMORE,575000.0
WEDNESBURY,202500.0
WELLING,465000.0
WELLINGBOROUGH,258000.0
WELLINGTON,274700.0
WELLS,335000.0
WELLS-NEXT-THE-SEA,440000.0
WELSHPOOL,230000.0
WELWYN,748609.0
WELWYN GARDEN CITY,410000.0
WEMBLEY,519610.0
WEST BROMWICH,217750.0
WEST BYFLEET,465000.0
WEST DRAYTON,396000.0
WEST MALLING,475000.0
WEST MOLESEY,485000.0
WEST WICKHAM,693500.0
WESTBURY,265000.0
WESTBURY-ON-SEVERN,380000.0
WESTCLIFF-ON-SEA,315000.0
WESTERHAM,475000.0
WESTGATE-ON-SEA,267500.0
WESTON-SUPER-MARE,262250.0
WETHERBY,425000.0
WEYBRIDGE,581250.0
WEYMOUTH,285000.0
WHITBY,270000.0
WHITCHURCH,309497.5
WHITEHAVEN,160274.0
WHITLAND,236250.0
WHITLEY BAY,300000.0
WHITSTABLE,395000.0
WHYTELEAFE,285750.0
WICKFORD,380000.0
WIDNES,200000.0
WIGAN,195000.0
WIGSTON,255000.0
WIGTON,199500.0
WILLENHALL,215000.0
WILMSLOW,460000.0
WIMBORNE,400000.0
WINCANTON,275000.0
WINCHELSEA,422500.0
WINCHESTER,530000.0
WINDERMERE,350000.0
WINDLESHAM,666000.0
WINDSOR,522500.0
WINGATE,170000.0
WINKLEIGH,312500.0
WINSCOMBE,512500.0
WINSFORD,205000.0
WIRRAL,255000.0
WISBECH,230000.0
WITHAM,335000.0
WITHERNSEA,148750.0
WITNEY,382250.0
WOKING,477000.0
WOKINGHAM,525000.0
WOLVERHAMPTON,245000.0
WOODBRIDGE,355500.0
WOODFORD GREEN,600000.0
WOODHALL SPA,315000.0
WOODSTOCK,540000.0
WOOLACOMBE,380000.0
WOOLER,207500.0
WORCESTER,282500.0
WORCESTER PARK,570500.0
WORKINGTON,160000.0
WORKSOP,200000.0
WORTHING,360000.0
WOTTON-UNDER-EDGE,385000.0
WREXHAM,196000.0
WYLAM,320000.0
WYMONDHAM,285000.0
Y FELINHELI,204000.0
YARM,292000.0
YARMOUTH,430000.0
YATELEY,445000.0
YELVERTON,305000.0
YEOVIL,245000.0
YORK,305000.0
YSTRAD MEURIG,160000.0
